maharajah tandoori restaurant,"Polonja , il Polonja , il Polonja , il Polonja , il Polonja , il Polonja , il Polonja , il Polonja , il Polonja , il Polonja , il Polonja , il Polonja , il Polonja , il Polonja , il Polonja , il Polonja , il Polonja , il Polonja , il Polonja , il",231
aylesbray lodge guest house,istabbiliment tal istabbiliment tal istabbiliment tal istabbiliment tal istabbiliment tal istabbiliment tal istabbiliment tal istabbiliment tal istabbiliment tal istabbiliment tal istabbiliment tal istabbiliment tal istabbiliment,213
19:00,"Polonja , ir Repubblika tal Polonja , ir Repubblika tal Polonja , ir Repubblika tal Polonja , ir Repubblika tal Polonja , ir Repubblika tal Polonja , ir Repubblika tal Polonja , ir Repubblika tal Polonja",203
13:45,partitarju tal partitarju tal partitarju tal partitarju tal partitarju tal partitarju tal partitarju tal partitarju tal partitarju tal partitarju tal partitarju .,162
aylesbray lodge guest house,istabbiliment tal istabbiliment tal istabbiliment tal istabbiliment tal istabbiliment tal istabbiliment tal istabbiliment tal istabbiliment tal istabbiliment tal istabbiliment,159
la raza,partitarju tal partitarju tal partitarju tal partitarju tal partitarju tal partitarju tal partitarju tal partitarju tal partitarju tal partitarju tal partitarju .,156
rajmahal,forzi tal forzi tal forzi tal forzi tal forzi tal forzi tal forzi tal forzi tal forzi tal forzi tal forzi tal forzi tal forzi tal forzi tal forzi tal,144
saint catharines college,ta' kulleġġ ta' kulleġġ ta' kulleġġ ta' kulleġġ ta' kulleġġ ta' kulleġġ ta' kulleġġ ta' kulleġġ ta' kulleġġ ta' kulleġġ ta' kulleġġ ta' kulleġġ,131
london kings cross,tal istazzjonijiet tal istazzjonijiet tal istazzjonijiet tal istazzjonijiet tal istazzjonijiet tal istazzjonijiet tal,105
wandlebury country park,park tal pajjiż tal Pajjiż tal Pajjiż tal Pajjiż tal Pajjiż tal Pajjiż tal Pajjiż tal Pajjiż tal Pajjiż jekk,101
3:30,għandna bżonn ukoll nippreżentaw taxi biex naslu għall attrazzjoni ta' l uffiċċju u għandna bżonn,97
21:15,Ġenerazzjoni għall Ġenerazzjoni tal Ġenerazzjoni tal Ġenerazzjoni tal Ġenerazzjoni .,84
riverside brasserie,tal Ġenb tal Ġenb tal Ġenb tal Ġenb tal Ġenb tal Ġenb tal Ġenb tal Ġenb tal Ġenb tal Ġenb,82
wandlebury country park,Pajjiż tal Pajjiż tal Pajjiż tal Pajjiż tal Pajjiż tal Pajjiż tal Pajjiż tal Pajjiż jekk,81
16:00,"jekk iva , jekk iva , jekk iva , jekk iva , jekk iva , jekk iva , jekk iva",74
11:30,għall eqreb għall eqreb għall eqreb għall eqreb għall eqreb għall eqreb,71
carolina bed and breakfast,għal aktar informazzjoni: carolina bed Strasburgu tel . 33 3 881 74588 Brussel tel . 32,69
lynne strover gallery,Ġenerazzjoni tal Ġenerazzjoni tal Ġenerazzjoni tal Ġenerazzjoni tal Ġenerazzjoni .,69
expensive,"iva , iva , iva , iva , iva , iva , iva , iva , iva , iva , iva ,",63
saint johns college,kulleġġ tal kulleġġ tal kulleġġ tal kulleġġ tal kulleġġ tal kulleġġ tal,63
doesnt matter,Il ħin tal wasla Il ħin tal wasla Il ħin tal wasla Il ħin tal wasla,60
doesnt matter,Il ħin tal wasla Il ħin tal wasla Il ħin tal wasla Il ħin tal wasla,60
good luck,tajjeb għall ikel tal ikel tal ikel tal ikel tal ikel tal ikel,58
british,ħanin jista' wkoll jikseb l esperjenza sħiħa ta' l ikel bħall,56
mumford theatre,persuna li tieħu ħsieb il persuna li tieħu ħsieb il persuna jekk,56
mumford theatre,persuna li tieħu ħsieb il persuna li tieħu ħsieb il persuna jekk,56
saint johns college,tal kulleġġ tal kulleġġ tal kulleġġ tal kulleġġ tal kulleġġ tal,55
aylesbray lodge guest house,istabbiliment tal ikel għall ikel għall ikel għall ikel għall ikel,54
12:30,meta jkun qed jitlaq mill kamra jekk jogħġbok agħti t,53
good luck,tajjeb għall ikel tal ikel tal ikel tal ikel tal ikel,49
caribbean,għalliem ta' għalliem ta' għalliem ta' għalliem waqt,48
halal,"arti , l arti , l arti , l arti , l arti u l arti .",47
11:30,eqreb għall eqreb għall eqreb għall eqreb għall,47
italian,għalliem ta' għalliem ta' għalliem ta' għalliem waqt,46
pizza hut fen ditton,Ġenerazzjoni tal Ġenerazzjoni tal Ġenerazzjoni tal Ġebel,46
bishops stortford,biċċa l kbira tal biċċa l kbira tal biċċa l kbira tal,46
curry prince,Ġenerazzjoni tal Ġenerazzjoni tal Ġenerazzjoni tal,45
cambridge arts theatre,proponent tal proponent tal proponent tal proponent jekk,45
24:30,24 ta' Settembru30 u jista' jkollu wkoll in numru,45
ruskin gallery,ħuġieġa tal ħuġieġa tal ħuġieġa fil pont tal ħuġieġ,45
cambridge arts theatre,proponent tal proponent tal proponent tal proponent jekk,45
cambridge arts theatre,proponent tal proponent tal proponent tal proponent jekk,45
chinese,kittieb kittieb kittieb kittieb kittieb kittieb,44
14:30,tal Ġenb tal Ġenb tal Ġenb tal Ġenb tal Ġenb,44
peoples portraits exhibition at girton college,wirja ta' persuni li jaħdmu fil kulleġġ tal Ġugarelli,44
any,tkompli għaddejja u se tieħu kwalunkwe waħda,42
moderate,moderata jekk jogħġbok agħtih l indirizz tan numru,42
11:35,ferrovija tal ferrovija tal ferrovija jekk,42
hotel,", fil fatt jixtieq li jkun hemm id għalja li",41
restaurant two two,jikkonsisti f'żewġt itnejn li jistgħu jagħtuni l,41
regency gallery,kariga tiegħu ta' President tal Parlament Ewropew .,41
sheeps green and lammas land park fen causeway,prinċipali tan nagħaġ ħodor u l mogħoż fuq l art,41
park,ġabra ta' abbey u għall ħażna tal ġugarelli,41
cafe jello gallery,ġojjelli tal ġojjelli tal ġojjelli tal ġojjelli jekk,40
23:15,filgħaxija filgħaxija tiegħi imbagħad ħu,40
centre,Ġenerazzjoni tal kronoloġija u l kronoloġija,40
aylesbray lodge guest house,istabbiliment tal ikel għall ħut tal irziezet jekk,39
19:00,"proponent jekk jogħġbok , jekk jogħġbok",39
nandos,proponent tal proponent tal proponent jekk,38
expensive,artiġjanat jirreġistra l artiġjanat għall,38
abbey pool and astroturf pitch,abbey pool u l ġugarelli tal ġugarelli tal ġugarelli tista',38
cambridge belfry,ċineg ta' l ivvjaġġar ta' l ivvjaġġar fejn,37
thanh binh,proponent tal proponent tal proponent jekk,37
the lucky star,parti l kbira għall parti l kbira tal lamtu,37
parkside police station,istazzjon tal pulizija tan naħa ta' ġewwa tal,37
bishops stortford,biċċa l kbira tal biċċa l kbira tal biċċa l,37
cambridge,"ikkonfermat , għadu mhuwiex ikkonfermat .",37
museum,jekk jogħġbok imla' timbru tal ħin bħal,37
rosas,qiegħ il Ġugarelli u l Ġugarelli tista',36
12:30,dont għandha wkoll preferenza tista',36
saint johns college,kulleġġ ta' kulleġġ ta' kulleġġ ta' kulleġġ,36
regency gallery,tal ħuġbejn tal ħuġbejn tal ħuġbejn tista',36
museum,ġabra ta' hedges ta' min qed jitgħallem,36
regency gallery,tal ħuġbejn tal ħuġbejn tal ħuġbejn tista',36
alexander bed and breakfast,bastiment tat tbaħħir u f'qiegħ il bastiment,35
9:45,"darba oħra 9 ikel ħelu għali ħafna ,",35
17:30,23 ta' filgħaxija filgħaxija tiegħi,35
17:15,17 il sena jkollok bżonn ukoll it tip,35
6,6 persuni u l persuni foqra għandhom,35
16:30,mhux qabel il Ħamis 5 ta' Settembru,35
corpus christi,tal Ħbieb tal Ħbieb tal Ħbieb tal Ħbieb,35
the man on the moon,"fuq il ġugarelli , tista' tagħraf in numru",35
express by holiday inn cambridge,riżoluzzjoni dwar il futur ta' l Ewropa .,34
12:30,ċentru tal belt fil lukanda tiegħi,34
11:45,11 ta' Settembru dwar il ħolqien ta',34
20:45,20 ta' Settembru jekk ikun possibbli,34
three,data li l Ministru jista b'avviż fil,34
20:15,20 ta' Settembru kull meta jkun hemm,34
west,Ġir u r raġunijiet taċ cherry hinton,34
guesthouse,4 . Minnufih wara r regolament 4 tar,33
huntingdon marriott hotel,kaċċa tal kaċċa tal kaċċa tal marriott jekk,33
michaelhouse cafe,Ġenerazzjoni tal Ġenerazzjoni tal Ġebel,33
curry garden,ġugarell imsejjaħ ġugarell tal Ġugarelli,33
saigon city,belt li tissejjaħ il belt ta' orizzont,33
mumford theatre,tal missjoni tal missjoni tal missjoni,33
pizza hut,tal Ġerusalemm għall Ġerusalemm biex,33
3:30,uffiċċju u għandna bżonn in numru,33
23:15,23 ta' filgħaxija filgħaxija tiegħi,33
parkside police station,istazzjon tal pulizija tan naħa ta' ġewwa,33
holy trinity church,ħtieġa li l oġġett jiġi kkonservat għat,33
12:15,12 il sena wara l Ġimgħa l Ġimgħa l,33
09:45,"d 09 ta' Settembru , tista' tniżżel",33
chinese,kittieb kif ukoll għal kittieb kif,32
23:30,Settembru30 jekk jogħġbok ibgħatli,32
16:45,16 ta' Settembru i se jkollu bżonn,32
3:00,3 Il ħin ta' mistoqsijiet se jkun,32
18:45,"18 il sena , jekk jogħġbok agħtini",32
museum of archaelogy and anthropology,ta' ċirkotossiċità u erit newroloġija,32
cambridge university botanic gardens,każinò .,32
abbey pool and astroturf pitch,ġabra ta' abbey u għall ħażna tal ġugarelli,32
whale of a time,jekk jogħġbok imla' timbru tal ħin bħal,32
abbey pool and astroturf pitch,ġabra ta' abbey u għall ħażna tal ġugarelli,32
whale of a time,jekk jogħġbok imla' timbru tal ħin bħal,32
five,ħames persuni li jkunu għaddejjin,31
shanghai family restaurant,konverżazzjoni tal familja ta' l ispettaklu,31
shanghai family restaurant,konverżazzjoni tal familja ta' l ispettaklu,31
arbury lodge guesthouse,ivvjaġġar għall ivvjaġġar bl arbli,31
cambridge museum of technology,teknoloġija li għaddejja minnha ?,31
saint johns chop shop house,il ħanut tal ħanut tal ħanut tat trab,31
19:00,"jekk jogħġbok , jekk jogħġbok ,",31
kings lynn,tal konverżazzjoni tal konverżazzjoni,31
09:45,"09 ta' Settembru , tista' tniżżel",31
birmingham new street,triq ġdida għat trobbija tal annimali,31
museum of archaeology and anthropology,Ġenerazzjoni tal kronoloġija u l kronoloġija,31
museum of archaeology and anthropology,Ġenerazzjoni tal arkeoloġija u l tolġija,31
cambridge museum of technology,ta' teknoloġija ta' l ispettaklu li,31
museum of archaeology and anthropology,Ġenerazzjoni tal kronoloġija u l kronoloġija,31
a and b guest house,kuntest tal kuntest tal kuntest tal bini,30
the lucky star,tal istejjer tal istejjer tal istejjer,30
the slug and lettuce,l immaġni u l istadju tal ivvjaġġar,30
the gardenia,il Ġeorġja għaliex tgħallimni nipprova,30
stazione restaurant and coffee bar,xibka tal kafè u l ġebel tal kafè,30
18:45,sabiex inkun nista' nagħmel il,30
wandlebury country park,pajjiżi tal Ġerusalemm tal Ġerusalemm,30
cherry hinton hall and grounds,Ġir u r raġunijiet taċ cherry hinton,30
wandlebury country park,pajjiżi tal Ġerusalemm tal Ġerusalemm,30
hamilton lodge,ħażna tal ħażna tal ħażna tal ħażna,29
finches bed and breakfast,is saqajn tal ħut u l ħwejjeġ kienu,29
2,"iva , iva , iva , iva , iva .",29
european,Ewropew għandu jadotta riżoluzzjoni,29
centre,ispettaklu espress tal fen ditton,29
bishops stortford,biċċa xogħol fil Parlament Ewropew .,29
5:29,ħamsa ta' filgħaxija x'inhi l,29
cambridge museum of technology,teknoloġija ta' l ispettaklu li,29
whipple museum of the history of science,għarfien tal istorja tax xjenza,29
alexander bed and breakfast,u l ħsibijiet tat trabi tat twelid,28
carolina bed and breakfast,pjanura ta' carolina u lejn il pjanura,28
hotel,kwistjoni tal ħasil tal ħwejjeġ,28
guesthouse,dont għandha preferenza f'liema,28
wednesday,Unjoni Ewropea għandu jikkwota l,28
darrys cookhouse and wine shop,biċċerija darrys u ħanut tal inbid,28
darrys cookhouse and wine shop,darrys u fil ħanut tal inbid f'cambridge,28
the cambridge belfry,taċ Ċilindru tal Parlament Ewropew,28
11:45,ladarba l taxi jitniżżel fil,28
16:15,16 ta' Settembru biex tħalli l,28
08:15,08 ta' Settembru tista' tiġbed,28
24:00,24 ta' Settembru jekk jogħġbok,28
13:45,13 ta' Settembru jekk jogħġbok,28
13:45,13 ta' Settembru jekk jogħġbok,28
15:45,15 ta' Settembru jekk jogħġbok,28
london kings cross train station,ta' numru tat telefon ta' kuntatt,28
london liverpool street,Triq tal Fwied tal Fwied tal Fwied,28
15:29,titlaq minn fuq il ferrovija,28
13:15,13 ta' Settembru jekk jogħġbok,28
18:45,"sena , jekk jogħġbok agħtini",28
15:29,titlaq minn fuq il ferrovija,28
museum,teknoloġija ta' l ispettaklu li,28
all saints church,kbir taċ ċelebrazzjonijiet kollha,28
boat,x'jaqsam mad dgħajjes minflok,28
indian,iskejjel il qodma jekk jogħġbok,28
hamilton lodge,istadju ta' l istadju tal istadju,27
west,fil parti l kbira tal katina,27
city centre north b and b,ċentru tal belt fit Tramuntana b u b,27
arbury lodge guesthouse,ippreżentazzjoni tal arbuxxelli,27
little seoul,"ġugarelli msejħa ftit ġugarelli ,",27
16:15,riżerva tiegħi ta' 16 il sena,27
18:45,sabiex inkun nista' nagħmel,27
maharajah tandoori,"Ġerusalemm tal Ġerusalemm , jekk",27
pizza express fen ditton,fen ditton espliċitament imċanfrina,27
london kings cross,ir reġistrazzjoni tas salib ta',27
london liverpool street,mit Triq tal Ġugarelli tal Fwied,27
saturday,ivvjaġġar ta' l ivvjaġġar fejn,27
park,l ebda qasam partikolari x'inhu,27
not really,mhux tabilħaqq x'tissuġġerixxi,27
kings hedges learner pool,ġabra ta' hedges ta' min qed jitgħallem,27
funky fun house,fejn jinsab il ħażna tal merkurju,27
old schools,iskejjel il qodma jekk jogħġbok,27
not really,mhux tabilħaqq x'tissuġġerixxi,27
express by holiday inn cambridge,espressjoni ta' inn cambridge waqt il vaganza,26
13:15,13 ta' Settembru f'nofsinhar,26
cambridge lodge restaurant,ta' l ivvjaġġar għall ivvjaġġar,26
stazione restaurant and coffee bar,s silġ u l bar tal,26
the river bar steakhouse and grill,data iktar tard .,26
india house,tfittex ċelebrazzjoni speċifika,26
creative,i i ikel preferenzjali kreattiv,26
stazione restaurant and coffee bar,s silġ u l bar tal,26
hughes hall,nirringrazzja lilek innifsek .,26
cambridge arts theatre,l laqgħa fil magħluq tal Ħimala,26
17:15,jkollok bżonn ukoll it tip,26
london kings cross train station,żgħar tat,26
6,from birmingham new street,26
sunday,triq ġdida għat trobbija tal,26
norwich,u lanqas tieħu ħsieb tiegħek,26
saturday,Ġerusalemm fuq il Ġerusalemm li,26
7:35,għas 7 ta' Settembru hija l,26
birmingham new street,mit triq il ġdida ta' birmingham,26
cambridge belfry,ivvjaġġar ta' l ivvjaġġar fejn,26
lovell lodge,r reġistrazzjoni tal ġugarelli,25
alexander bed and breakfast,is sodda ta' alexander u għandek,25
19:45,jum jista' wkoll jingħata,25
13:15,sabiex wieħed ikun jista',25
pizza hut in cherry hinton,taċ ċitru tar reġistrazzjoni f'cherry hinton,25
college,kulleġġ jekk jogħġbok ħass li,25
north,"Ġerusalemm tal Ġerusalemm ,",25
carolina bed and breakfast,sit ta' carolina u jikkwota x'inhi,25
bishops stortford,biċċa xogħol fil biċċa l kbira,25
19:45,23 ta' Marzu biex jerġgħu,25
williams art and antiques,ispettaklu u mill ispettaklu,25
cambridge and county folk museum,baħar u l ġebel tal kontea,25
bishops stortford,istudenti biex jippreżentaw l,25
15:17,15 ta' Settembru meta tasal,25
20:00,aħħar jekk ikun possibbli,25
bishops stortford,biċċa xogħol fil biċċa l kbira,25
10:45,10 ta' filgħaxija u għandek,25
12:45,12 il sena wara nofsinhar .,25
birmingham new street,għat tbaħħir fit toroq ġodda,25
moderate,tal prezzijiet tal ġugarelli,25
15:17,15 ta' Settembru meta tasal,25
10:45,10 ta' filgħaxija u għandek,25
6,neċessarju l indirizz tan,25
the cambridge corn exchange,tal ikel għall passiġġieri,25
center,ċelebrazzjoni tal belt x'inhu,25
alexander bed and breakfast,qiegħ tas saqajn u l ħwejjeġ,24
carolina bed and breakfast,is sit ta' carolina u jikkwota,24
1,jekk jogħġbok ipprovdili,24
alphamilton guest house,istruttura tal alphamilton,24
doesnt matter,kwistjoni tal ħasil tal ħwejjeġ,24
moderate,ippreżentaha għal 5 iljieli,24
university arms hotel,grupp ta' l armi universitarji,24
doesnt matter,kwistjoni tal ħasil tal ħwejjeġ,24
north,fit Tramuntana b'ipparkjar,24
the cow pizza kitchen and bar,ħassieb u l bar tal baqra,24
lucky star,ikkuntattja l istejjer kollha,24
ali baba,Pjazza ali għall Ġugarelli f'7,24
frankie and bennys,il kejk u l ġibs huma tajbin,24
alexander bed and breakfast,qiegħ tas saqajn u l ħwejjeġ,24
12:45,12 il siegħa jekk jogħġbok,24
london liverpool street,toroq ta' l ekwipaġġ tal fwied,24
sunday,jekk jogħġbok imla x xemx,24
birmingham new street,toroq il ġodda ta' birmingham,24
jesus green outdoor pool,ġabra ta' ġugarelli ħodor jesus,24
cambridge museum of technology,Ktieb tat Teknoloġija,24
cambridge punter,punter tal pont tar radju jkun,24
holy trinity church,knisja ta' l omosesswalità,24
cambridge museum of technology,Ktieb tat Teknoloġija,24
cambridge punter,punter tal pont tar radju jkun,24
aylesbray lodge guest house,fit Tramuntana,23
cityroomz,belt ta' filgħaxija tkun,23
finches bed and breakfast,ħut żgħir u ħut żgħir,23
carolina bed and breakfast,sit ta' carolina u ngħid,23
south,tan Nofsinhar tal Perù li,23
2,perspettivi finanzjarji,23
polynesian,polari għall pollakkju jekk,23
indian,jservu lil cantonese parti,23
copper kettle,għand il frat tar ram bħall,23
zizzi cambridge,tal qamħirrun tal qamħirrun,23
golden curry,logħob tal logħob tal azzard,23
nandos city centre,ċ ċentru tal belt tan nandos,23
copper kettle,għand il frat tar ram bħall,23
zizzi cambridge,tal qamħirrun tal qamħirrun,23
23:15,23 ta' Marzu biex jerġgħu,23
soul tree nightclub,"seħħ fl 1 ta Jannar , 2013 .",23
trinity college,kulleġġ ta' l omosesswalità,23
14:30,applikant jekk jogħġbok,23
6,6 postijiet imniżżla fil,23
london liverpool street,twissija IET SPEĊJALI,23
london liverpool street,Triq il Ġugarelli tal Fwied,23
london kings cross,ivvjaġġar għall ivvjaġġar,23
stansted airport,ajruport ikkonċernat permezz,23
norwich,għal ġewwa u lanqas għal,23
6,6 persuni foqra għandhom,23
norwich,għal ġewwa u lanqas għal,23
08:15,08 ta' Settembru għalkemm,23
london kings cross,mis salib ta' l għads ta' l,23
london liverpool street,tal Fwied tal Fwied tal Fwied,23
6,6 persuni foqra għandhom,23
abbey pool and astroturf pitch,"abbey pool' , kif ukoll f'Ġerusalemm",23
funky fun house,jinsab il ħażna tal merkurju,23
cambridge museum of technology,l pijuniera tat teknoloġija,23
cambridge university botanic gardens,ġugarelli universitarji ta' fiduċja,23
east,tħeġġeġ l arti u s sbuħija,23
warkworth house,responsabbli għall ġlied,22
ashley hotel,il Parlament Ewropew għandu,22
doesnt matter,iktar ħaġa sempliċi iżda,22
a and b guest house,dar b'saħħitha u b'saħħitha,22
cambridge belfry,ċineg tal ponta tal baħar,22
5,5 u tipprova għal darba,22
same day,fl istess jum tista tieħu,22
18:30,indirizz jekk jogħġbok,22
the slug and lettuce,l immaġni u ż żraben ukoll,22
south african,Ġemellaġġ man Nofsinhar tal,22
restaurant one seven,oħra sebgħa ħaddiema jistgħu,22
15:15,15 Sitwazzjoni u jixtieq,22
mediterranean,għall annimali domestiċi,22
doesnt matter,jsir dibattitu dwar il futur,22
16:15,16 il sena u mhux għal 17,22
12:15,ikun possibbli permezz,22
mediterranean,għall annimali domestiċi,22
indian,ikel għall ġugarelli fejn,22
15:15,15 Sitwazzjoni u jixtieq,22
maharajah tandoori,"Ġerusalemm tal Ġerusalemm ,",22
14:30,filwaqt li jista' jara,22
14:00,disponibbli għalija li,22
panahar,1 ta' Settembru sal 1 ta',22
15:30,qodma u nirrappreżenta,22
cambridge lodge restaurant,mill qiegħ,22
11:45,11 il jum jista' jkollok,22
cambridge punter,ta kuntatt ta l għajn jekk,22
arbury lodge guesthouse,kaxxa im fil kamra tal,22
11:45,11 il sena jekk jogħġbok,22
holy trinity church,kbir ta' l omosesswalità,22
23:30,jekk jogħġbok ibgħatli,22
12:30,jekk jogħġbok ibgħatli,22
london kings cross,tal wasla trażversali ta',22
birmingham new street,triq ġdida għat trobbija tal,22
11:15,11 il sena jekk jogħġbok,22
12:15,12 il sena jekk jogħġbok,22
15:30,Ġermanja jekk jogħġbok,22
1,biljett tal ferrovija 1,22
expensive,medda tal prezzijiet għalja,22
same amount of people,istess ammontta nies li għandek,22
east,neċessarju l indirizz tan,22
no particular,l ebda qasam partikolari x'inhu,22
holy trinity church,Knisja tal Moviment Ħieles,22
cambridge punter,punter tal pont tat trasport,22
museum,Ġimgħa l Ġimgħa l Ġimgħa,22
county folk museum,tal Ġerusalemm tal Kontea,22
wandlebury country park,f'pajjiżi ħbieb,22
entertainment,tħeġġeġ l arti u s sbuħija,22
whale of a time,jekk jogħġbok ikkuntattja,22
panahar,1 ta' Settembru sal 1 ta',22
county folk museum,tal Ġerusalemm tal Kontea,22
guesthouse,huntingdon marriott hotel,21
finches bed and breakfast,saqajn tal ħut u l ħut,21
carolina bed and breakfast,pjanura ta' carolina,21
no preference,ma għandu l ebda preferenza min,21
nandos city centre,ċentru tal belt tan nandos,21
13:45,tabella għal 8 jista',21
15:15,15 il ruħ fuq il konvoj,21
18:30,jekk jogħġbok ipprova,21
the lucky star,il logħob tal azzard ikun,21
midsummer house restaurant,mid dar ta' nofs il lejl,21
17:45,17 Viżjoni għal tabella,21
tuesday,17 Viżjoni għal tabella,21
expensive,għall annimali domestiċi,21
the lucky star,il logħob tal azzard ikun,21
cambridge belfry,taċ ċineg ta' l ivvjaġġar,21
the lucky star,il logħob tal azzard ikun,21
wandlebury country park,jistgħu jiddeċiedu jekk,21
06:00,tiegħek jekk jogħġbok,21
arbury lodge guesthouse,twelid,21
restaurant one seven,oħra l Ġimgħa l Ġimgħa,21
lensfield hotel,kwittanza għandu jsir fil,21
williams art and antiques,sewda u fuq il pjaċir,21
8:00,għaliha jekk jogħġbok,21
same number of people,istess numru ta' nies tista',21
bishops stortford,ħolqien ta' żona Ewropea,21
13:45,13 il sena tista' tgħin,21
20:00,aħħar mill aħħar biex,21
same number of people,istess numru ta' nies tista',21
20:15,20 ta' Settembru u mhux,21
10:45,"10 ta' Settembru , i se",21
3,iktebni għal 3 persuni,21
20:00,aħħar mill aħħar biex,21
kings college,kulleġġ tal ġugarelli jekk,21
great saint marys church,kbir taż żwiemel tat,21
broughton house gallery,l ġibjun tal ġibjun u,21
jesus green outdoor pool,ġemg ta' siġar ħodor jesus,21
corn cambridge exchange,ewwel skambju ta' għajnuna,21
all saints church,knisja tal Ħabitats kollha fil,21
williams art and antiques,tħeġġeġ l arti u s sbuħija,21
broughton house gallery,ġibjun tal ġibjun u,21
churchill college,il kulleġġ tal ġugarelli se,21
belfry,fiha jkollhom id fuq l,20
same area,istess żona bħal bedouin,20
cambridge belfry,ċineg ta' l ivvjaġġar,20
hotel,vawċer preferibbilment,20
archway house,pożizzjoni tiegħu dwar,20
carolina bed and breakfast,paġna ta' carolina u l,20
huntingdon marriott hotel,kaċċa tal larinġ marriott,20
huntingdon marriott hotel,kaċċa tal larinġ marriott,20
cambridge belfry,ċineg ta' l ivvjaġġar,20
doesnt matter,kwistjoni prinċipali tkun,20
four,erba' klassifikazzjoni,20
doesnt matter,possibbiltà li tieqaf tieħu,20
peking restaurant,għaġina tal peking liema,20
french,għall ikel għall ikel,20
the varsity restaurant,preċedent tal varjabbiltà,20
mediterranean,ikel għall annimali jekk,20
13:15,lingwa jekk jogħġbok,20
prezzo,ma għandhiex x'taqsam,20
expensive,jiswew ħafna flus jixtieq,20
mahal of cambridge,Ġenerazzjoni tal Moviment,20
portuguese,jgħodd għall proċess tal,20
doesnt matter,possibbiltà li tieqaf tieħu,20
peking restaurant,għaġina tal peking liema,20
regency gallery,qarrej tal każistika jekk,20
taj tandoori,għandhomx jissodisfaw ir,20
finches bed and breakfast,jitilqu minn qiegħ il,20
02:45,02 ta' Marzu biex imur,20
stevenage train station,to the,20
gourmet burger kitchen,stevenage train station,20
shanghai family restaurant,tgħix fiha u,20
ruskin gallery,nirringrazzja lill Knisja,20
parkside police station,miljun,20
grafton hotel restaurant,ibda mit tuberkulosi,20
mahal of cambridge,istadju ta' l ivvjaġġar,20
2:30,twelid jekk jogħġbok,20
jesus green outdoor pool,tojlits ħodor tal ġsus,20
huntingdon marriott hotel,ġugarelli .,20
shanghai family restaurant,tgħix fiha u,20
11:30,għaliha kif mistqarr,20
bishops stortford,biċċiet għall ivvjaġġar,20
birmingham new street,mit triq il ġdida ta',20
london liverpool street,toroq tal ħasil tal fwied,20
10:45,jħallu l konjizzjoni,20
14:40,14 il sena għandu jkun,20
london liverpool street,fwied miftuħ,20
cambridge,tnaqqas il veloċità tal,20
birmingham new street,mit toroq il ġodda ta',20
10:30,ġewwa jekk possibbli,20
london liverpool street,Triq il Ġugarelli tal,20
14:40,14 il sena għandu jkun,20
18:00,aħħar għall aħħar xi,20
gonville and caius college,gonville u l kulleġġ tal kejtering,20
does not matter,ma tistax tirrakkomanda,20
churchill college,il kulleġġ tal ġugarelli,20
castle galleries,attrazzjoni tal ġugarelli,20
old schools,iskejjel il qodma jekk,20
west,ġugarelli tal ġojjelli,20
hotel,fiha jkollhom id fuq l,19
hotel,ċineg ta' l ivvjaġġar,19
3,pjanċa ta' 3 stillti,19
rosas,qiegħ il Ġugarelli u,19
hamilton lodge,lill lodge ta' l isponża,19
guesthouse,f'kamra b'ipparkjar,19
cow pizza kitchen and bar,kċina tal baqra u l bar,19
14:00,disponibbli għalija,19
12:15,aktar tard minn 12 il,19
chinese,kittiebninini għalija,19
panahar,ispejjeż tal ispejjeż,19
pizza hut city centre,tal belt ta' P . E .,19
do not care,twissija IET SPEĊJALI,19
golden house,ktieb il ħażin tad dar,19
14:45,f'14 il ġimgħa u jmur,19
warkworth house,ma jitħallewx jitilqu,19
17:00,numru ta' kuntatt u,19
don pasquale pizzeria,Ewropew .,19
jinling noodle bar,tal ħasil tal ħwejjeġ,19
scott polar museum,ġurija tal polarizzazzjoni,19
17:00,numru ta' kuntatt u,19
london kings cross,imur għas salib tal,19
kings lynn,nippreżentaw ferrovija,19
london liverpool street,Qalb tal Fwied,19
birmingham new street,fit toroq il,19
birmingham new street,tgħammar it toroq il,19
13:15,13 ta' Settembru jkun,19
20:15,20 ta' Settembru kull,19
4,jeħtiġux 4 siġġijiet,19
london liverpool street,toroq tal fwied jistgħu,19
london liverpool street,fwied fit toroq,19
london liverpool street,Qalb tal Fwied,19
birmingham new street,t triq il ġdida ta',19
london liverpool street,Triq il Ġilda tal,19
19:00,wasla jekk jogħġbok,19
one,l ebda preferenza ma,19
london liverpool street,toroq tal fwied jistgħu,19
college,arkitettura awtentika,19
downing college,kulleġġ li qed iniżżel,19
fitzwilliam museum,"għassies fit tojlit ,",19
north,fit Tramuntana jista',19
all saints church,kbir għall ħabsin kollha li,19
centre,ċentrali x'tissuġġerixxi,19
holy trinity church,vjaġġ ta' holyblancity,19
all saints church,knisja tal Ħabsin kollha,19
any,kwalunkwe attrazzjoni,19
doesnt matter,kwistjoni tiegħi għalija,19
east,kulleġġ tal ġugarelli,19
west,kulleġġ tal ġugarelli,19
churchill college,kulleġġ ta' churchill,19
downing college,kulleġġ li qed iniżżel,19
fitzwilliam museum,"għassies fit tojlit ,",19
north,fit Tramuntana jista',19
centre,ċentrali x'tissuġġerixxi,19
any,kwalunkwe attrazzjoni,19
north,fit Tramuntana ukoll,18
monday,il pożizzjoni komuni,18
expensive,jiswa ħafna flus biex,18
doesnt matter,kwistjoni prinċipali u,18
four,erba' partijiet tal,18
cow pizza kitchen,kċina tal baqra jekk,18
indian,ikel tal Lvant Nofsani,18
indian,aktar tard minn 12 il,18
does not matter,ma għandhiex x'taqsam,18
west,Punent jekk jogħġbok,18
mexican,tradizzjonali sservi,18
doesnt really matter,tgħid x'tista',18
bloomsbury,għaġin tal uffiċċju,18
indian,chinese dan il fuljett,18
cow pizza kitchen,kċina tal baqra jekk,18
13:15,sabiex wieħed ikun,18
11:45,jum jista' jkollok,18
one,biljett wieħed biss,18
18:30,tluq jekk jogħġbok,18
norwich,u mingħand ħaddieħor,18
same day,fl istess ġurnata bħar,18
london liverpool street,lit toroq tal fwied,18
birmingham new street,il pont,18
21:00,"pajjiż , jiġifieri",18
sunday,ħofra fuq ix xemx .,18
london kings cross,għall istazzjon tat,18
london liverpool street,lit toroq tal fwied,18
1,bini tal kejtering,18
entertainment,ta' divertiment imbagħad,18
kings hedges,hedges tal ispettaturi,18
funky fun house,fun house ta' l imħabba,18
museum,fl istess żona bħall,18
centre,cambridge artworks can,18
centre,cambridge artworks can,18
kings college,kulleġġ tal ġugarelli u,18
cafe jello museum,ġugarelli tal ġojjelli,18
west,parti tal punent tal,18
north,first in the center s,18
centre,disponibbli fiċ ċentru,18
kings hedges,hedges tal ispettaturi,18
cafe jello museum,ġugarelli tal ġojjelli,18
hotel,vawċer u l vawċer .,17
two,żewġt iljieli jekk,17
alexander bed and breakfast,ta' alexander u ż żraben,17
two,żewġt iljieli jekk,17
hotel,vawċer b'ipparkjar,17
north,fit Tramuntana jrid,17
hotel,vawċer b'ipparkjar,17
hotel,vawċer b'ipparkjar,17
no preference,l ebda preferenza ma tista,17
expensive,jiswa ħafna flus .,17
4,4 klassifikazzjoni,17
the cambridge belfry,tal Parlament Ewropew,17
hobsons house,pożizzjoni tiegħu dwar,17
hotel,same group of people,17
hotel,tal lamtu tal lamtu,17
hotel,acorn marshouse what,17
expensive,għalja b'ipparkjar,17
two,medda moderata tal,17
dont have a preference,dont għandha preferenza għaż żona,17
guesthouse,kamra b'ipparkjar,17
guesthouse,kamra b'ġugarelli u,17
guesthouse,kamra b'ipparkjar,17
eastern european,għawm tal Lvant jekk,17
middle eastern,ikel tal Lvant Nofsani,17
no preference,l ebda preferenza m'għandek,17
13:15,Iva jekk jogħġbok,17
expensive,ħafna flus x'inhuma,17
galleria,magħruf bħala l Kawkaw,17
sesame restaurant and bar,siġra u l bar,17
chiquito restaurant bar,bar chiquito considered,17
restaurant alimentum,tiegħu .,17
middle eastern,ikel tal Lvant Nofsani,17
italian,jgħaddu għall ewwel,17
no preference,l ebda preferenza ma tista,17
4,4 klassifikazzjoni,17
entertainment,tospita fl istess żona,17
friday,iż żona taċ ċentru,17
all saints church,jħalli l kbir kollu tal,17
restaurant one seven,u sebgħa,17
16:45,biex tasal sa 16 il,17
stansted airport train station,ta' l ajruport ta' oriġini,17
16:45,i se jkollu bżonn,17
5:11,ħames passiġġieri,17
6,6 persuni foqra li,17
15:00,Ħonduras fil pont,17
19:00,jkunu kemm jista',17
kings lynn,mill konjizzjoni tal,17
same group of people,istess grupp ta' nies jekk,17
london liverpool street,toroq tal fwied,17
6,6 persuni foqra li,17
bishops stortford,jogħġbok imla l,17
boat,tad dgħajjes f'dik,17
same area,fl istess qasam bħall,17
all saints church,Ġeorġja,17
entertainment,tal kisba tal ħajja,17
entertainment,sports multiplu jekk,17
christs college,kulleġġ tal ġugarelli,17
jesus college,kulleġġ tal ġugarelli,17
christs college,kulleġġ tal ġugarelli,17
holy trinity church,imla l,17
holy trinity church,ħlas għad,17
"place""",il Ġerusalemm jista',17
holy trinity church,jogħġbok imla l,17
cheap,irħis b'ipparkjar,16
north,tat Tramuntana tal,16
west,pożizzjoni tiegħu,16
guesthouse,kamra disponibbli,16
north,tat Tramuntana tal,16
1,lejl wieħed jekk,16
3,lejl wieħed jekk,16
guesthouse,kamra disponibbli,16
a and b guest house,f'dar u f'ġewwa,16
hotel,vawċer partikolari,16
guesthouse,jiġu implimentati .,16
huntingdon marriott hotel,tal donmarriott tal kaċċa,16
a and b guest house,dar b'żewġt ikmamar,16
four,jirreġistra għall,16
moderate,does not matter just,16
friday,jippreżentaha għal,16
guesthouse,medda moderata tal,16
1,lejl wieħed biss,16
frankie and bennys,kejk u l ġibs huma,16
city stop restaurant,belt tieqaf .,16
south african,lejl tan Nofsinhar ma,16
singaporean,bħala ikel singaġenu,16
8:45,8 snin fuq friday,16
south,fin Nofsinhar jekk,16
american,tirriżervali tabella,16
mahal of cambridge,Ġurnal ta' Attakk,16
british,d dgħajsa tar ross,16
tuesday,expensive food pick,16
cineworld cinema,ċinema ta' l ivvjaġġar,16
18:30,02 ta' Settembru,16
10:15,02 ta' Settembru,16
10:30,tal ġibjun għall,16
city stop restaurant,waqfa tal belt,16
restaurant two two,żewġ,16
11:00,għaddejja minnha,16
lovell lodge,ħażna tal ġugarelli,16
dojo noodle bar,bar tal labra dojo,16
clare college,kulleġġ tal ġugarelli,16
08:15,tista' tiġbed in,16
16:45,tista' tiġbed in,16
gonville hotel,gonvilleanniku jista' jġib,16
doesnt matter,tkomplija tal ħidma,16
london kings cross,"salib it tobba ,",16
london kings cross,s salib ta' l,16
london kings cross,mis salib ta',16
london kings cross,mill ġenbejn jaqsam,16
london kings cross,s salib ta',16
bishops stortford,ajru .,16
london kings cross,mis salib tal,16
same group of people,istess grupp ta' nies,16
15:45,15 ta' Settembru .,16
bishops stortford,tagħmel biċċiet .,16
london kings cross,il ħoġor,16
15:00,l Ġimgħa l Ġimgħ,16
london kings cross,mis salib tat,16
stansted airport,.,16
same group of people,istess grupp ta' nies,16
kings lynn,mill Ġerusalem jekk,16
bishops stortford,cambridge,16
doesnt matter,tkomplija tal ħidma,16
10:30,dawk li jaqsmu l,16
tuesday,fruntieri jkollhom,16
scott polar museum,ikun hemm bżonn,16
holy trinity church,ħlas għad dħul,16
all saints church,ġugarelli kollha,16
same area,fl istess żona bħall,16
"place""",tad dgħajjes f'dik,16
not really,mhux tassew x'inhu,16
queens college,kulleġġ tal kjuwijiet,16
same area,fl istess żona bħall,16
cherry hinton water play,ilma cherry hinton,16
same area,fl istess żona bħall,16
same area,fl istess żona bħall,16
funky fun house,fun house tal Ministeru,16
fitzwilliam museum,każinò fittizju,16
fitzwilliam museum,vawċer fittizju,16
concerthall,kulleġġ tal ġugarelli,16
same area,fl istess żona bħall,16
all saints church,tal ġugarelli kollha,16
funky fun house,fun house tal Ministeru,16
the man on the moon,fuq il ġugarelli,16
south,tan nofsinhar tal,15
bridge guest house,kmamar tal pont,15
warkworth house,Parlament Ewropew .,15
same group of people,istess grupp ta',15
hotel,il lukanda jkun,15
dont really care,dont fil fatt toqgħod,15
guesthouse,f'kamra għalkemm,15
university arms hotel,armi universitarji,15
hotel,medda moderata tal,15
cambridge belfry,fuq il ponta li,15
5,jogħġbok agħtih,15
bridge guest house,kamra tal pont,15
two,żewġt iljieli li,15
ashley hotel,il vawċer ashley liema,15
south,tan nofsinhar tal,15
2,iljieli minflok,15
ask,jagħmel it talba,15
pizza express,istampa espliċita .,15
south,fin nofsinhar tal,15
dojo noodle bar,bar tal ġojjelli,15
south,tan Nofsinhar tal,15
the missing sock,l għonq nieqes,15
cheap,żraben irħas oħra,15
does not matter,ma tikkonċernax,15
indian,għall konsumaturi,15
indian,għall konsumaturi,15
prezzo,ġenb għal 8 fuq,15
european,interessata wkoll,15
centre,internazzjonali .,15
expensive,qawwija fil prezz,15
18:30,jekk jogħġbok u,15
little seoul,ftit ġugarelli jekk,15
chinese,chinese dan il fuljett,15
dont care,kura tal i dont jekk,15
meze bar restaurant,ħawħa tal,15
chinese,chinese dan il fuljett,15
13:15,13 il sena wara .,15
british,b'ikel ħanin jista',15
little seoul,ftit ġugarelli jekk,15
rajmahal,għajnuna tiegħek ?,15
21:30,jekk jogħġbok i,15
guesthouse,f'kamra għalkemm,15
hamilton lodge,lodge ta' l isponża,15
13:45,13 ta Settembru .,15
17:00,Sigurtà fl Ikel,15
1:00,1gaben and going,15
the junction,l istruzzjoni jekk,15
holy trinity church,l oġġett jiġi,15
yippee noodle bar,nipproduċi bar għall,15
riverside brasserie,baċir tax xmara,15
09:30,tas Sitwazzjoni,15
1:00,1gaben and going,15
bishops stortford,twelid,15
bishops stortford,għall istudji,15
bishops stortford,Settembru,15
norwich,mingħajr ma jkunu,15
9:30,ferrovija għall,15
stansted airport,ajruport ta',15
london kings cross,il pont,15
same amount of people,istess ammontta nies li,15
norwich,mingħajr ferrovija,15
13:30,għall ikel jekk,15
1,"persuna waħda ,",15
dont have a preference,l i dont għandha preferenza fuq,15
bishops stortford,persuna li,15
stansted airport,ajruport ta',15
1,1 għandhiex tkun,15
same group of people,istess grupp ta',15
cambridge,pont tal ekwipaġġ,15
stansted airport,ajruport ta',15
18:00,ebda preferenza,15
bishops stortford,imla l,15
any,kwalunkwe ħin fuq,15
one,biljett wieħed .,15
stansted airport,ajruport ta' l ajruport,15
stansted airport,ajruport ta',15
expensive,medda tal prezzijiet,15
expensive,medda tal prezzijiet,15
all saints church,knisja kollha li,15
moderate,bini tal kejtering,15
london kings cross,marda li,15
south,fin nofsinhar ta',15
theatre,pjuttost imbiegħda,15
south,fin nofsinhar ta',15
all saints church,knisja kollha li,15
museum,knisja kollha li,15
south,tan nofsinhar tal,15
south,tan nofsinhar tal,15
dont have a preference,dont għandek preferenza tista',15
old schools,iskejjel il qodma,15
south,tan Nofsinhar ta',15
theatre,ilma cherry hinton,15
cafe jello gallery,ħaġa tista',15
the junction,id direzzjoni liema,15
south,tan nofsinhar tal,15
multiple sports,sportivi multipli,15
south,tan nofsinhar tal,15
stansted airport,f'ajruport ta',15
bridge guest house,kmamar tal pont,15
entertainment,il Ġerusalemm jista',15
cafe jello gallery,lil xi ħadd li,15
little seoul,ftit ġugarelli jekk,15
lensfield hotel,Logħob tal lenti,15
hamilton lodge,għall ivvjaġġar,14
moderate,moderata bi prezz baxx,14
expensive,kklassifikata xi,14
cityroomz,facilitiesroomz please,14
ashley hotel,vawċer tal irmied,14
moderate,moderata bi prezz baxx,14
hotel,irreġistrah għal,14
lovell lodge,istudenti jistgħu,14
north,fit Tramuntana u,14
cheap,firxa baxxa tal,14
a and b guest house,a u b żraben,14
moderate,moderata bi prezz baxx,14
dont have a preference,dont għandha preferenza f'liema,14
acorn guest house,acornbilanċ ta' dar .,14
2,Unjoni Ewropea,14
hotel,vawċer b'saħħtu,14
lensfield hotel,każinò tal lenti,14
sunday,proċess tax xemx,14
a and b guest house,msejħa' a'u' b'house',14
4,tal manifattur,14
sunday,ħarifa tax xemx,14
lensfield hotel,arbli tal lenti,14
south,fin Nofsinhar li,14
cheap,persuna baxxa .,14
golden wok,logħob tal azzard,14
16:45,jistgħu jiksbu,14
swedish,istess grupp ta',14
9:45,9 ta' Settembru,14
11:15,11 ta' Settembru,14
cheap,kbira tal irħis,14
indian,għall ġugarelli,14
cheap,irħis x'għandek,14
british,ikel ħelu jekk,14
same area,fl istess żona xi,14
rice boat,dgħajsa tar ross,14
british,għalja b'saħħitha,14
south,tan Nofsinhar ma,14
golden house,dar residenzjali,14
dont care,kura b'i dont tagħżel,14
19:45,wkoll jingħata,14
cheap,kbira tal irħis,14
curry prince,għall ivvjaġġar,14
lovell lodge,istudenti jistgħu,14
kettles yard,tarzna tal ħrief,14
centre,iż żona taċ ċentru,14
11:15,11 ta' Settembru,14
02:45,02 ta' Settembru,14
22:15,22 ta' Settembru,14
11:15,11 ta' Settembru,14
08:15,08 ta' Settembru,14
16:45,16 ta' Settembru,14
15:15,15 ta' Settembru,14
24:30,24 ta' Settembru30,14
05:00,jitilqu lejn l,14
cambridge punter,punter tal,14
1:15,1 ta' Settembru,14
12:30,mill ġugarelli,14
04:00,trasport fro .,14
16:45,16 ta' Settembru,14
the lucky star,tal ġugarelli jekk,14
22:15,22 ta' Settembru,14
rice boat,dgħajjes tar ross,14
yippee noodle bar,Settembru,14
funky fun house,kollu f'dar fejn,14
17:45,17 ta' Settembru,14
stansted airport,mill ajruport ta',14
bishops stortford,appoġġ tiegħi .,14
10:45,soċjetà ċivili,14
london kings cross,l Ġimgħa,14
stansted airport,cambridge,14
13:59,l ispejjeż tal,14
1,biljett wieħed,14
16:15,16 ta' Settembru,14
21:15,21 ta' Settembru,14
20:15,20 ta' Settembru,14
saturday,jixtiequ jitilqu,14
cambridge,tgħaddi minn fuq,14
stansted airport,mill ajruport ta',14
16:15,16 ta' Settembru,14
one,"persuna waħda ,",14
stansted airport,cambridge,14
monday,eżemplari tista',14
peterborough,fromblanc toate,14
sunday,jistabbilixxi .,14
1,biljett wieħed,14
16:15,16 ta' Settembru,14
13:45,13 ta' Settembru,14
08:30,08 ta' Settembru30,14
9:15,9 ta' Settembru,14
1,biljett wieħed,14
13:45,13 ta' Settembru,14
cambridge,tal Ġenerazzjoni,14
20:15,20 ta' Settembru,14
gallery at twelve,sena .,14
theatre,hemm sustanza taċ,14
whale of a time,jekk jogħġbok,14
museum,ikkuntattja lil,14
mumford theatre,missjoni,14
museum,mill ħamsinijiet,14
dont have a preference,i dont għandu preferenza jekk,14
theatre,sportiva multipla,14
theatre,jkun hemm suċċess,14
trinity college,kulleġġ ta' l,14
entertainment,ta' riżerva ta' belt,14
east,ħażina għandhom,14
kettles yard,tarzna tal ħrief,14
museum,mill ħamsinijiet,14
museum,direzzjoni liema,14
east,ħażina għandhom,14
lovell lodge,fiċ ċentru tal,13
four,erbat iljieli,13
hotel,dwar il Ħarifa,13
one,wieħed minflok,13
hobsons house,tip hob dan il,13
hotel,lukanda ashley,13
home from home,id dar mid dar,13
four,erba' stillti,13
5,5 iljieli jekk,13
cambridge belfry,Ġimgħa l,13
same area,fl istess żona .,13
cityroomz,facilitiesroomz hotel,13
hobsons house,istabbiliment,13
hotel,lukanda sabiex,13
8,jekk jogħġbok,13
hotel,ta' filgħaxija,13
guesthouse,kamra minflok,13
gonville hotel,vawċer gonville,13
three,miegħi spazju,13
expensive,għalja madwar,13
expensive,għalja minflok,13
same area,artijiet jagħmlu,13
1,persuna waħda,13
guesthouse,kamra b'saqajn,13
lensfield hotel,tal lenti,13
guesthouse,kamra b'saqajn,13
guesthouse,kamra b'saqajn,13
hotel,filgħaxija ser,13
3,3 għażliet ta',13
hotel,3 għażliet ta',13
wednesday,kliewi minflok,13
saturday,Ġugarelli jekk,13
five,ħames pjanijiet,13
guesthouse,kamra b'saqajn,13
four,irħis mingħajr,13
5,ħames iljieli,13
19:30,jekk jogħġbok,13
cotto,tal ġugarelli,13
cotto,tal ġugarelli,13
expensive,ikunu għoljin,13
expensive,kwalunkwe wieħed,13
centre,jista jitniżżel,13
ugly duckling,7,13
vietnamese,azzjoni fuqhom,13
expensive,ikunu għoljin,13
modern european,modern għall ġugarelli,13
kymmoy,Armonju tista',13
10:15,jagħmel 10 snin,13
charlie chan,msejjaħ charliesler,13
indian,ġugarelli jekk,13
british,jekk jogħġbok,13
cheap,jekk jogħġbok,13
irish,għandhom bżonn,13
vietnamese,għall Ġugarelli,13
thanh binh,mistoqsija jekk,13
british,tgħallimna fuq,13
pizza express fen ditton,ispettaklu espress tal fen ditton,13
modern european,modern għall ġugarelli,13
expensive,tħallas f'ċertu,13
mediterranean,għall bniedem,13
14:00,Ħamis jixtieq,13
14:00,daħħal tajjeb,13
modern european,modern għall ġugarelli,13
16:30,jekk jogħġbok,13
saigon city,belt ta' oriġini,13
17:30,tryснабизация,13
doesnt matter,bżonn tkun taf it,13
ashley hotel,il vawċer ashley,13
20:45,jekk jogħġbok,13
18:30,jekk jogħġbok,13
golden wok,għall ġugarelli,13
whale of a time,ħażna tal arja,13
mumford theatre,mewġa,13
saigon city,lejn il belt li,13
13:30,jħalli wara t,13
peterborough,mir reġjun tal,13
cambridge,pont tal biljett,13
14:45,jekk jogħġbok,13
thursday,Unjoni Ewropea,13
one,biljett wieħed,13
14:30,fuq il kliewi,13
cambridge,ferrovija għall,13
2,8 snin oħra .,13
10:15,jekk jogħġbok,13
21:45,21 sena għandek,13
wednesday,21 sena għandek,13
norwich,u lanqas tgħin,13
one,biljett wieħed,13
cambridge,pont tal baħar,13
17:00,jekk jogħġbok,13
4,4 persuni jekk,13
7,7 persuni jekk,13
20:30,jekk jogħġbok,13
peterborough,nitbiegħed mill,13
one,wieħed għalija,13
20:45,20 sena jekk ma,13
4,4 persuni jekk,13
13:30,l Ġimgħa jkun,13
one,wieħed għalija,13
17:45,jekk jogħġbok,13
bishops stortford,isqfijiet tal,13
thursday,is sitwazzjoni,13
7,7 persuni jekk,13
eight,tmien ġeneri u,13
european,infittex ukoll,13
1,persuna waħda,13
college,qiegħed ifittex,13
one,wieħed għalija,13
one,wieħed għalija,13
museum,għandna bżonn,13
14:00,Ħamis jixtieq,13
1,persuna waħda,13
architecture,arkitettura awtentika,13
cineworld cinema,ċinema bil lejżer,13
any,kwalunkwe waħda,13
center,żjara fil belt,13
boat,attrazzjoni tal,13
entertainment,ta' divertiment fil,13
magdalene college,tal ġojjelli,13
entertainment,tan nofsinhar tal,13
theatre,the man on the moon,13
not really,mhuwiex magħruf,13
entertainment,ta' divertiment fil,13
theatre,persuna nfisha,13
college,il kulleġġ tiegħek,13
cafe jello gallery,", ħuġa jello ,",13
any,kwalunkwe waħda,13
five,ħamest iljieli,12
north,fit Tramuntana,12
moderate,prezzijiet moderati,12
two,żewġt iljieli,12
monday,votazzjonijiet,12
7,għas 7 minnna,12
north,fit Tramuntana,12
ashley hotel,vawċer ashley jekk,12
autumn house,il Ħarifa,12
north,tat Tramuntana,12
3,ta' 3 stillti,12
flinches bed and breakfast,flinches bed u r riċetta bis,12
8,hemm 8 minnna,12
worth house,valur għalija,12
doesnt matter,a room,12
cityroomz,belt imsejħa roomz,12
guesthouse,kamra tas silġ,12
any,kwalunkwe żona,12
ashley hotel,vawċer ashley jekk,12
north,fit Tramuntana,12
two,b'żewġ stilel,12
hotel,lukanda għall,12
dont have a preference,i dont għandha preferenza li,12
four,erba' persuni,12
1,erbgħa tnejn,12
two,żewġt iljieli,12
north,tat Tramuntana,12
0,stillti jekk,12
saturday,għall ġugarelli,12
dont care,kura b'i dont,12
indian,għall għomja,12
six,għall għomja,12
4,tabella għal,12
charlie chan,4,12
mediterranean,għall għawm,12
7,tabella għal,12
expensive,Lvant Nofsani,12
five,ħames persuni,12
17:30,minflok jekk,12
cheap,cheap restaurants,12
moderate,ipprezzat b'mod,12
polish,fih il prodott,12
mediterranean,uffiċċju,12
sitar tandoori,is silta .,12
royal spice,f'ġieħ irjali,12
five,ħames persuni,12
south,Nofsinhar jekk,12
indonesian,tfittxija għal,12
chinese,dwar il futur,12
south,Nofsinhar jekk,12
mediterranean,jekk jogħġbok,12
any,kwalunkwe żona,12
expensive,jeżistu ħafna,12
north,fit Tramuntana,12
13:30,ġdid li ġej:,12
asian oriental,ikel għall,12
travellers rest,vjaġġaturi .,12
any,kwalunkwe żona,12
italian,l ikel tat trabi,12
mediterranean,sitwazzjoni .,12
international,suġġett .,12
curry prince,ivvjaġġar,12
wednesday,il kliewi ħass,12
rice house,saldu tar ross,12
center,ħaġa fil belt,12
asian oriental,l iklaġġ,12
swedish,għall persuni,12
saffron brasserie,saff taċ ċitru,12
cheap,fiċ ċentru tal,12
italian,għall ġugarelli,12
moderate,prezzijiet moderati,12
13:00,tieqaf tużah,12
11:00,l aħbarijiet,12
north,fit Tramuntana,12
cheap,cheap restaurants,12
golden house,l indirizz u l,12
peterborough,minn fuq il,12
saffron brasserie,saff taċ ċitru,12
belfry,fiha jkollhom,12
archway house,tiegħu dwar,12
cambridge punter,punter tal pont,12
cambridge arts,l ikel,12
9:45,ikel magħluq,12
the junction,ħabs,12
wagamama,tiġi miġġielda,12
cambridge,jħalli wara t,12
one,persuna waħda,12
kings lynn,ir Repubblika,12
17:51,17 il mil jekk,12
cambridge,train departing,12
cambridge,pont għalkemm,12
8:45,8 snin oħra .,12
10:15,hija l multa,12
1,biljett biss,12
18:45,Ġenerazzjoni,12
kings lynn,mill Ġerusalemm,12
14:30,flessibbli .,12
five,ħames persuni,12
saturday,Qalb tal Fwied,12
20:00,eqreb wieħed,12
cambridge,train departing,12
20:30,dinja kollha,12
5,lil 5 persuni,12
cambridge,il pont huwa,12
sunday,"passiġġieri ,",12
five,ħames persuni,12
west,tal punent tal,12
architecture,arkitettura bbażata,12
any,kwalunkwe żona,12
byard art,arti tal byard fil,12
north,Tramuntana tal,12
north,Tramuntana tal,12
north,fit Tramuntana,12
swimmingpool,ġabra ta',12
east,informazzjoni,12
cambridge arts,l ikel,12
west,tal punent tal,12
college,kurżità tiegħu,12
north,fit Tramuntana,12
any,kwalunkwe żona,12
theatre,ġenn minflok,12
multiple sports,bidla fil,12
center,ssir fil belt,12
any,kwalunkwe post,12
any,kwalunkwe post,12
old school,iskola l antika,12
doesnt matter,għalkemm tista',12
west,tal punent tal,12
architecture,arkitettura jinsabu,12
museum,fl arkitettura,12
museum,timxi minflok,12
any,ċ ċinema jkun,12
any,kwalunkwe żona,12
north,fit Tramuntana,12
any,kwalunkwe post,12
old school,iskola l antika,12
doesnt matter,għalkemm tista',12
the junction,direzzjoni liema,12
hotel,nippreservaw,11
1,lejl wieħed,11
one,tgħaddi lejl,11
moderate,medda moderata tal,11
el shaddai,elettrikuaddai fil,11
cheap,rħis l aktar,11
guesthouse,kamra għall,11
1,lejl wieħed,11
north,Tramuntana u,11
4,b'4 stilli i,11
hotel,prezz moderat,11
1,lejl wieħed,11
hotel,lukanda fiż,11
2,żewġ stilel,11
moderate,medda moderata tal,11
guesthouse,tliet iljieli,11
guesthouse,kamra ħielsa,11
moderate,tal kejtering,11
moderate,medda moderata tal,11
five,ħames kmamar,11
three,spazju għal,11
4,cheap place,11
south,fin Nofsinhar,11
carolina bed and breakfast,carolina bed u f'marlozz,11
leverton house,dar tal ħabs,11
moderate,valur għalija,11
moderate,medda moderata tal,11
moderate,medda moderata tal,11
gonville hotel,gonvilleanniku jista',11
moderate,medda moderata ta',11
moderate,medda moderata tal,11
university arms,l armi universitarji,11
4,4 stilli ta',11
2,żewġ stilel,11
gonville hotel,gon,11
4,4 lamti jekk,11
expensive,moderata tal,11
guesthouse,kamra ħielsa,11
moderate,medda moderata ta',11
1,lejl wieħed,11
4,ta' 4 stilel,11
saturday,responsabbli,11
moderate,medda moderata tal,11
moderate,medda moderata tal,11
moderate,medda moderata tal,11
doesnt matter,moderate ly,11
2,żewġ stilel,11
cheap,żewġ stilel,11
five,ħames iljieli,11
cheap,l irħas ikun,11
vegetarian,ikunu għoljin,11
17:15,17 il sena fl,11
moderate,medda moderata tal,11
expensive,għali jixtieq,11
little seoul,ftit Ġugarelli,11
kohinoor,konverżazzjoni,11
17:15,17 il pazjent,11
doesnt matter,spiża,11
south,fin Nofsinhar,11
mediterranean,għall anzjani,11
9:45,9 miljun ħin,11
moderate,medda moderata tal,11
south,fin Nofsinhar,11
expensive,expensive restaraunt,11
mediterranean,Ġimgħa .,11
traditional,tradizzjonali sservi,11
doesnt matter,tal ħabitat,11
mediterranean,għall anzjani,11
moderate,medda moderata ta',11
brazliian,kuraġġ f'daqqa,11
moderate,medda moderata tal,11
doesnt matter,nandos inti,11
asian oriental,ikel tat,11
moderate,medda moderata tal,11
moderate,medda moderata tal,11
afternoon tea,nirbaħ it,11
expensive,ħaġa għolja,11
expensive,għali għall,11
moderate,medda moderata tal,11
lucky star,ikkuntattja l,11
south,naħa t'isfel,11
leverton house,dar tal ħabs,11
lensfield hotel,lenti,11
doesnt matter,xi ħaġa,11
old schools,iskejjel il,11
7,7 persuni li,11
22:30,silġ tiegħu,11
archway house,minn archway house għall,11
11:00,noħroġ wara,11
tenpin,għaxar bażi,11
cambridge,l ispiżeriji,11
saturday,qiegħda għall,11
cambridge,departing from,11
cambridge,departing from,11
cambridge,proċess ta',11
friday,qtugħ tiegħu,11
peterborough,ħtieġa tal,11
20:54,wasla 20 sena,11
one,biljett jekk,11
eight,tmien ġeneri,11
cambridge,il pont tat,11
peterborough,ħofra,11
peterborough,ekwipaġġ,11
two,żewġ persuni,11
cambridge,proċess ta',11
peterborough,ħtieġa tal,11
norwich,u f'nofsinhar .,11
peterborough,baħar,11
18:00,f'nofsinhar,11
cambridge,jitnaqqas il,11
eight,tmien biljetti,11
saturday,kwistjoni tal,11
monday,il ferroviji,11
peterborough,ekwipaġġ,11
peterborough,ekwipaġġ,11
cambridge,tgħaġġel jekk,11
cambridge,il pont tal,11
13:15,13 il xahar .,11
cambridge,jitnaqqas il,11
cambridge,tgħaddi minn,11
cambridge,il pont tat,11
cambridge,train should,11
two,żewġ persuni,11
one,broxbourne fis,11
2pm,f'2 biljetti,11
13:45,13 il sena li,11
cambridge,jitnaqqas ir,11
six,sitta minnhom,11
14:00,jaf kemm se,11
wednesday,kliewi jridu,11
peterborough,taħt il,11
cambridge,jitnaqqas il,11
three,tliet biljetti,11
moderate,medda moderata tal,11
20:54,wasla 20 sena,11
peterborough,ekwipaġġ,11
two,żewġ persuni,11
no preference,l ebda preferenza ma,11
two,żewġ persuni,11
west,kulleġġ biex,11
south,nofsinhar tal,11
noon,nofsinhar mhux,11
entertainment,tip ta',11
vue cinema,x'inhu l miżata,11
swimmingpool,pjaċir .,11
any,kwalunkwe tip,11
lynne strover,ħaġa oħra,11
south,tan Nofsinhar,11
college,miżuri kollha,11
south,fin Nofsinhar,11
museum,rivoluzzjoni,11
park,park attraction,11
entertainment,punent ta',11
trinity college,kurżità tiegħu,11
south,fin Nofsinhar,11
museum,ħaġa minflok,11
theatre,f'biċċa kbira,11
college,kulleġġ jista',11
entertainment,entertainment attraction,11
boat,boat attraction,11
college,tiftix għall,11
museum,ħaġa speċjali,11
not really,ma tistax fil,11
architecture,architecture attraction,11
museum,Ġermanja tkun,11
boat,dgħajjes fil,11
entertainment,entertainment attraction,11
the junction,id direzzjoni,11
any,kwalunkwe tip,11
centre,żona taċ ċentru,11
lynne strover,four,11
college,miżuri kollha,11
south,fin Nofsinhar,11
indian,lil xi ħadd li,11
guesthouse,tal ħajja,10
two,six nights,10
guesthouse,f'kamra li,10
center,għoljiet tal,10
hotel,il kworum u,10
one,wieħed jekk,10
centre,fiċ ċentru tal,10
guesthouse,kamra li,10
4,ta' stilla,10
hotel,vawċer jekk,10
guesthouse,kamra,10
friday,ivvjaġġar u,10
one,lejl wieħed,10
hotel,vawċer jekk,10
hotel,il lukandi,10
guesthouse,kamra,10
one,wieħed biss,10
three,tliet iljieli,10
guesthouse,hemm kamra,10
one,wieħed biss,10
guesthouse,kamra li,10
guesthouse,kamra .,10
guesthouse,.,10
guesthouse,kamra,10
guesthouse,kamra li,10
2,2 iljieli .,10
guesthouse,f'kamra li,10
1,waħda biss,10
4,ta' 4 still,10
guesthouse,ta' kuljum,10
centre,fiċ ċentru jekk,10
4,ikteb għal,10
guesthouse,kamra,10
ashley hotel,armata ashley,10
4,minn żewġt,10
hotel,vawċer għall,10
guesthouse,kamra,10
monday,Ministeru i,10
south,4 stilli ta',10
guesthouse,hemm kamra,10
dont care,kura i dont dwar,10
warkworth house,ħolma ta' warkworth house,10
moderate,bi prezz moderat,10
4,b'4 stillti,10
lovell lodge,ukoll,10
hotel,vawċer jekk,10
guesthouse,kamra,10
center,għoljiet tal,10
guesthouse,kamra,10
wednesday,kliewi jekk,10
guesthouse,kamra fil,10
guesthouse,2,10
guesthouse,.,10
guesthouse,f'kamra li,10
4,f'kamra li,10
expensive,għali jekk,10
one,lejl wieħed,10
guesthouse,aouslyhouse with,10
18:15,u għandhom,10
cheap,żraben irħas,10
dont care,kura i dont dwar,10
turkish,tal Ġugarelli,10
9:00,filgħaxija,10
expensive,għalja jekk,10
golden house,l indirizz,10
kymmoy,Armonju fil,10
centre,moderata jekk,10
british,ikel ħażin,10
indian,tħobb waħda,10
pizza express fen ditton,Ġerusalemm espress fen ditton,10
expensive,chinese tal,10
british,ikel ħażin,10
16:45,f'16 il sena,10
loch fyne,l lokromanina,10
20:00,ekwipaġġ .,10
expensive,għalja jekk,10
13:15,13 il ġimgħa,10
backstreet bistro,backstreet bistro expensive,10
cocum,13 il sena,10
sala thong,fis salarji,10
expensive,għali għal,10
curry prince,kif għandek,10
expensive,għali għal,10
british,ikel ħażin,10
monday,għandek tkun,10
italian,ikel b'saħħtu,10
curry garden,ġnien,10
european,għaqli jekk,10
steakhouses,fwar fiċ,10
thanh binh,msejħa,10
british,ħass ħażin,10
indian,għall għawm,10
expensive,ispejjeż jekk,10
british,ikel ħażin,10
thursday,il Ġermanja,10
british,ikel ħażin,10
curry garden,tal ġugarelli,10
modern european,modern għall għalf,10
curry prince,Ġużepp .,10
la mimosa,il Ġermanja u,10
cheap,irħis ħafna,10
moderate,moderata pprezzata,10
asian,l ikel ġdid,10
indian,għall aħħar,10
moderate,għall aħjar,10
expensive,għoli jekk,10
graffiti,għan noti jekk,10
bangkok city,baħar,10
the junction,direzzjoni,10
guesthouse,kamra fil,10
graffiti,għan noti jekk,10
one,wieħed jekk,10
hotel,vawċer jekk,10
hotel,vawċer jekk,10
hotel,il lukandi,10
hotel,tuesday get,10
hotel,dar tal ħabs,10
monday,Ministeru i,10
11:45,11 il sena .,10
18:15,u jkollhom,10
05:30,filgħaxija,10
kambar,lukanda għall,10
19:00,mis Sinjur,10
rajmahal,"jogħġbok ,",10
parkside pools,ta' parkside,10
rosas,il Ġermanja,10
royal spice,sena,10
golden wok,imsaren żgħar,10
18:15,u jkollhom,10
dont care,kura i dont dwar,10
kings lynn,il piż tal,10
six,sitt persuni,10
17:45,17 il i dont,10
11:45,Ġerusalemm,10
14:45,sena wkoll,10
15:45,15 il miljun,10
one,wieħed jekk,10
cambridge,Ġerusalemm,10
18:45,broxbourne,10
12:30,ispiżeriji,10
one,wieħed biss,10
stevenage,titla' għal,10
kings lynn,tmur għall,10
cambridge,Ġerusalemm,10
cambridge,proċess li,10
16:45,Ġerusalemm,10
sunday,il ġelatina,10
4,4 siġġijiet,10
15:45,Ġerusalemm,10
friday,konjizzjoni,10
5,5 postijiet,10
six,sitt persuni,10
2,2 postijiet,10
5,train that,10
kings lynn,Għaqda tal,10
7,7 siġġijiet,10
after 10:00,wara t tluq,10
saturday,"ġugarelli ,",10
one,wieħed biss,10
5,5 siġġijiet,10
peterborough,f'Ġerusalemm,10
three,tliet persuni,10
11:15,11 il sena .,10
18:00,xi ħaġa li,10
cambridge,16 il sena,10
after 14:15,il sena,10
same day,l istess jum,10
kings lynn,cambridge,10
one,wieħed jekk,10
one,Iva ġurnata,10
after 13:00,t twelid,10
six,sitt persuni,10
tuesday,tħollija fuq,10
one,wieħed biss,10
15:00,ċertu punt,10
cambridge,12 il sena,10
six,sitt persuni,10
expensive,wiesgħa ta',10
six,sitt persuni,10
three,tliet persuni,10
3,għalihom .,10
6,2 biljetti,10
six,sitt persuni,10
saturday,nofsinhar tal,10
nightclub,bil lejl fiċ,10
museum,concerthall,10
adc theatre,avukat jekk,10
centre,fiċ ċentru tal,10
centre,fiċ ċentru tal,10
theatre,preferenza li,10
no preference,ebda preferenza jekk,10
dont care,dont care what area,10
centre,taċ ċentru jekk,10
museum,Ħarifa tal,10
entertainment,divertiment jekk,10
college,ta' madwar,10
centre,fiċ ċentru tal,10
centre,fiċ ċentru tal,10
entertainment,divertiment jekk,10
museum,ħaġa tista',10
centre,kummerċjant,10
architecture,arkitettura għall,10
museum,ħaġa tajba,10
architecture,arkitettura tiegħi,10
entertainment,divertiment waqt,10
center,kulleġġ fil,10
college,ċentru ta',10
swimmingpool,pjaċir fil,10
adc theatre,avukat jekk,10
no preference,ebda preferenza jekk,10
museum,centre area,10
1,1 għandhiex,10
entertainment,riżerva ta',10
golden wok,ġugarelli,10
hotel,kworum biex,9
hotel,lukanda u,9
hotel,3 għalkemm,9
expensive,2 iljieli,9
moderate,prezz moderat li,9
hotel,lukanda li,9
1,ħabs jekk,9
el shaddai,imla l,9
hotel,lukanda u,9
cheap,baxx biex,9
4,4 stilli u,9
one,waħda ta',9
cheap,baxx biex,9
guesthouse,kamra fuq,9
gonville hotel,gonvillean tal Ktieb,9
guesthouse,kamra u,9
4,7 iljieli,9
expensive,ta' taxi,9
guesthouse,centre area,9
doesnt matter,il materja,9
hotel,veġetali fl,9
expensive,2,9
3,lamtu tal,9
expensive,għalja bi,9
acorn guesthouse,acorn marshouse what,9
limehouse,7 iljieli,9
hobsons house,hob materials house,9
expensive,għalja li,9
guesthouse,aouslyhouse and,9
cheap,baxx biex,9
guesthouse,kamra u,9
4,b'4 stilel,9
north,Tramuntana,9
guesthouse,tas saħħa,9
cheap,ikun irħas,9
guesthouse,ma tieħu n,9
guesthouse,kamra u,9
4,b'4 stilel,9
cheap,baxxa tkun,9
expensive,għali biex,9
aphamilton,aphamilton tendenza,9
three,tliet stilel,9
cheap,baxx biex,9
guesthouse,żejda,9
three,tliet stilel,9
cheap,baxxa tkun,9
dont have a preference,dont għandhom preferenza,9
turkish,ċentru tal,9
la tasca,il Ġimgħa .,9
belgian,cheap food,9
expensive,tajba,9
unusual,tas soltu fl,9
expensive,for an,9
golden curry,imla l Ġurnal,9
2,Uffiċjali,9
expensive,għalja,9
east,x'hemm fuq,9
expensive,iż żona,9
catalan,popolazzjoni,9
west,Punent jekk,9
any,is silta .,9
expensive,for an,9
south,expensive,9
expensive,għalja,9
expensive,for an,9
no preference,preferenza fuq,9
centre,taċ ċentru li,9
centre,ċentru tagħmel,9
no preference,preferenza fil,9
italian,l ikel għall,9
mexican,fil prezz,9
1,fil prezz,9
cheap,baxxa jekk,9
center,moderata bi,9
centre,ċentru tista',9
shiraz,f'shiraz tista',9
sunday,suf tax xemx,9
european,komdu fuq,9
centre,ċentru jista',9
meze bar,il Ġermanja,9
do not care,attent għall,9
17:30,jgħidli n,9
expensive,for a,9
expensive,for an,9
indian,żraben ikunu,9
golden wok,l Ġimgħa,9
six,sitta wkoll,9
rajmahal,tiegħek ?,9
monday,Ġerarkija,9
saturday,Ġerusalemm,9
moderate,fiċ ċentru,9
expensive,għalja,9
la margherita,l Ġermanja,9
indian,eraina jekk,9
centre,ċentru jista',9
moderate,tan numru,9
gonville hotel,gonvillean tal Ktieb,9
hotel,hekk kif il,9
acorn guesthouse,acorn marshouse what,9
expensive,qarrej,9
23:45,Settembru,9
15:30,ġugarelli,9
1:00,triljun .,9
24:00,24 sena u i,9
24:45,Settembru,9
6:15,b'6 miljun,9
12:45,nofsinhar,9
21:15,Settembru,9
the gardenia,Ġeorġja,9
12:15,Settembru,9
09:45,Settembru,9
09:15,Settembru,9
11:45,ladarba l,9
17:30,jgħidli n,9
cambridge,tnaqqas il,9
4,4 biljetti,9
cambridge,.,9
cambridge,.,9
2,2 biljetti,9
1,biljett u,9
08:00,ferrovija,9
21:30,cambridge,9
15:15,cambridge,9
3,3 biljetti,9
5,5 biljetti,9
19:45,ġugarelli,9
4,4 biljetti,9
2030,cambridge,9
3,3 biljetti,9
monday,Settembru,9
norwich,anqas lejn,9
cambridge,ekwipaġġ,9
cambridge,pont tal,9
cambridge,pont tal,9
cambridge,pont u,9
8,8 biljetti,9
10:30,ivvjaġġar,9
18:30,li tħalli,9
kings lynn,tluq,9
cambridge,pont tiegħi,9
7,7 biljetti,9
cambridge,pont tat,9
cambridge,pont tal,9
broxbourne,train to,9
kings lynn,l għeruq,9
4,4 biljetti,9
cambridge,train from,9
16:45,cambridge,9
7,7 biljetti,9
cambridge,pont,9
cambridge,pont tal,9
cambridge,birmingham,9
monday,ispettaklu,9
cambridge,pont,9
10:15,Ġugarelli,9
cambridge,.,9
cambridge,pontaġġ,9
16:15,Settembru,9
leicester,f'dan il,9
5,5 biljetti,9
cambridge,pont,9
2,Settembru,9
cambridge,ponta,9
6,6 biljetti,9
6,6 biljetti,9
broxbourne,tluq,9
7,7 biljetti,9
14:45,14 il vjaġġ,9
cambridge,pont bil,9
16:15,Settembru,9
tuesday,it tuesday train,9
kings lynn,it taħriġ,9
3,3 biljetti,9
6,6 biljetti,9
cambridge,pont,9
cambridge,pont,9
4,4 biljetti,9
cambridge,pont,9
cambridge,pont,9
8,8 biljetti,9
6,6 biljetti,9
cambridge,pont tal,9
6,6 biljetti,9
cambridge,pont,9
cambridge,eżemplari u,9
18:00,ġugarelli,9
8,8 biljetti,9
cambridge,pontaġġ,9
three,ivvjaġġar,9
7,7 biljetti,9
7,7 biljetti,9
wednesday,tal fwied,9
kings lynn,ruħha fit,9
kings lynn,pontijiet,9
3,3 biljetti,9
15:15,Settembru,9
8,jkunu qed,9
cambridge,birmingham,9
4,4 biljetti,9
4,4 biljetti,9
8,8 biljetti,9
5,5 biljetti,9
2,2 biljetti,9
cambridge,birmingham,9
2,2 biljetti,9
cambridge,pont tal,9
3,3 biljetti,9
cambridge,pont tat,9
cambridge,pont,9
2,2 biljetti,9
cambridge,pont,9
wednesday,ħażin fuq,9
5,5 biljetti,9
cambridge,pont,9
wednesday,ħażin fuq,9
cambridge,pont tal,9
broxbourne,ferrovija,9
7,7 biljetti,9
7,7 biljetti,9
cambridge,train from,9
cambridge,ivvjaġġar,9
7,7 biljetti,9
4,4 biljetti,9
2,2 biljetti,9
3,3 biljetti,9
5,5 biljetti,9
3,3 biljetti,9
monday,tlugħ mix,9
cambridge,pont tal,9
8,8 biljetti,9
chinese,qed ifittex,9
monday,7 persuni,9
6,6 biljetti,9
7:35,għas 7 ta',9
8,8 biljetti,9
expensive,firxa tal,9
3,3 biljetti,9
4,4 biljetti,9
2,2 biljetti,9
2,2 biljetti,9
2,2 biljetti,9
9:50,moderat u,9
theatre,sustanza li,9
south,r riżerva,9
museum,ħaġa oħra,9
museum,ħaġa oħra,9
college,architecture,9
theatre,ċertifikat,9
centre,ċentru tagħmel,9
museum,fiċ ċentru,9
theatre,claime can,9
museum,claime can,9
center,Ħarifa tal,9
museum,ġnien waqt,9
nightclub,lejl fiċ,9
nightclub,lejl fil,9
entertainment,divertiment fil,9
park,il Ġimgħa,9
clare hall,Ġerusalemm,9
entertainment,ta' divertiment,9
entertainment,Punent,9
clare hall,Ġerusalemm,9
nightclub,lejl ġdid,9
south,park jekk,9
cinema,jsir iċ ċinema,9
nightclub,dieħla fil,9
vue cinema,x'inhu l,9
center,belt tista',9
monday,ispettaklu,9
theatre,claime can,9
clare hall,Ġerusalemm,9
guesthouse,kenn u,8
six,rooms for,8
south,hotel and,8
cheap,firxa tal,8
limehouse,fuq,8
2,2 iljieli,8
center,proponent,8
0,0 stillti,8
3,3 persuni,8
4,4 persuni,8
not particular,amnot particular where,8
allenbell,Kbira,8
2,2 iljieli,8
cheap,4 iljieli,8
2,2 iljieli,8
east,baxx biex,8
4,4 iljieli,8
wednesday,piż tal,8
2,2 iljieli,8
21:30,tħalli l,8
hotel,Ħelsinki,8
expensive,għali,8
expensive,għoli,8
cheap,baxxa tal,8
east,Lvant jekk,8
cheap,baxxi ta',8
alexander,irħas,8
4,4 stillti,8
6,6 persuni,8
4,4 iljieli,8
3,3 stillti,8
5,5 iljieli,8
cheap,irħis bi,8
8,8 persuni,8
allenbell,"Ġużepp ,",8
7,7 persuni,8
3,bil lejl,8
tuesday,tuesday għalija,8
4,4 iljieli,8
saturday,8,8
moderate,4 who,8
4,4 persuni,8
7,Ġermanja,8
wednesday,in numru,8
west,tal punent,8
2,2 persuni,8
archway house,msejjaħ archway house,8
4,4 iljieli,8
moderate,3 if,8
expensive,2 minflok,8
guesthouse,aouslyhouse to,8
4,4 stillti,8
4,4 stillti,8
centre,taċ ċentru se,8
cheap,baxxa tal,8
5,5 persuni,8
guesthouse,aouslyhouse in,8
4,4 stillti,8
wednesday,tuża,8
2,2 iljieli,8
tuesday,wasla ta',8
one,8 iljieli,8
3,3 iljieli,8
3,3 iljieli,8
cheap,expensive,8
3,3 persuni,8
3,3 iljieli,8
4,4 stillti,8
cheap,baxx għas,8
north,moderate of,8
4,4 stillti,8
4,4 persuni,8
4,4 iljieli,8
4,4 stillti,8
3,3 persuni,8
east,Lvant jekk,8
dont care,kura b'i,8
3,3 iljieli,8
expensive,4 jekk,8
expensive,għaljin,8
13:00,imbagħad,8
15:00,internet,8
italian,għall għaġin,8
7,7 persuni,8
indian,tat trabi,8
indian,tat trabi,8
east,Lvant huwa,8
thursday,thursday evening,8
chinese,moderati,8
13:15,13 il sena,8
west,punent tal,8
west,punent tal,8
expensive,Lvant,8
cheap,baxxa ta',8
cheap,kbira tal,8
italian,għall għawm,8
expensive,għali,8
center,ħaġa fil,8
wagamama,.,8
centre,Ġemellaġġ,8
8,8 persuni,8
8,8 persuni,8
13:15,13 il sena,8
7,7 minnhom,8
expensive,hekk kif,8
cafe uno,Ġimgħa t,8
expensive,wieħed,8
expensive,għali,8
indian,xi ħadd li,8
expensive,tagħlim,8
3,3 persuni,8
same area,f'Ġenus,8
modern european,modern għall,8
african,l ikel ?,8
saturday,ġugarelli,8
17:45,17 il sena,8
east,ivvjaġġar,8
west,punent tal,8
african,ikel ħażin,8
cheap,baxxa ta',8
italian,l mediċina,8
vegetarian,ħaġa,8
center,proponent,8
canapes,sservi l,8
15:15,15 il sena,8
expensive,ħafna .,8
indian,tat trabi,8
13:00,timxi fl,8
west,jekk ikun,8
british,flus fil,8
west,punent tal,8
east,Lvant huwa,8
west,punent tal,8
7,7 minnhom,8
panahar,ispejjeż,8
chinese,tan numru,8
moderate,4 i,8
1,4 ġeneri,8
5,5 iljieli,8
3,3 persuni,8
4,4 stillti,8
08:45,ħabitats,8
14:15,14 il sena,8
17:15,17 il sena,8
09:00,Ġimgħa .,8
15:15,15 il sena,8
16:45,16 il sena,8
24:30,u jista',8
hotel,jgħidli n,8
15:39,15 il qari,8
8,8 persuni,8
5,5 persuni,8
11:30,veloċità,8
8,8 tickets,8
cambridge,miljun,8
2,2 persuni,8
7,7 persuni,8
7,7 persuni,8
13:30,opinjoni,8
9:00,traġedja,8
16:30,għoljiet,8
cambridge,jafu,8
4,4 persuni,8
18:15,18 il sena,8
8,8 persuni,8
6,6 persuni,8
6,6 persuni,8
2,2 tickets,8
3,3 persuni,8
sunday,tax xemx,8
wednesday,kliewi,8
dont care,kura b'i,8
12:00,annimali,8
stevenage,baħar,8
4,4 persuni,8
16:45,16 il sena,8
5,5 persuni,8
4,4 persuni,8
8,8 persuni,8
cambridge,il piż,8
17:15,17 il sena,8
7,7 persuni,8
cambridge,l Ġimgħa,8
8,8 persuni,8
2,2 persuni,8
sunday,veloċità,8
thursday,ferrovija,8
2,2 persuni,8
cambridge,broxbourne,8
8,8 persuni,8
cambridge,għeruq,8
12:15,12 il sena,8
thursday,.,8
two,two tickets,8
4,4 persuni,8
thursday,pont,8
9,9 persuni,8
6,6 persuni,8
8,8 persuni,8
3,3 persuni,8
7,7 persuni,8
4,4 persuni,8
cambridge,tuesday,8
8,8 persuni,8
cambridge,jaqsmu l,8
tuesday,fruntieri,8
6,6 persuni,8
4,4 persuni,8
3,3 persuni,8
4,4 persuni,8
leicester,to visit,8
2,2 persuni,8
4,4 persuni,8
sunday,tax xemx,8
5,5 persuni,8
thursday,ġugarelli,8
5,5 persuni,8
7,7 persuni,8
cambridge,toroq,8
wednesday,baħar,8
leicester,piż,8
08:00,ajruport,8
2,2 persuni,8
sunday,tax xemx,8
thursday,.,8
6,6 persuni,8
2,2 persuni,8
6,6 persuni,8
3,3 persuni,8
2,2 persuni,8
8,8 persuni,8
thursday,", jekk",8
cambridge,Ġugarelli,8
8,8 persuni,8
3,3 persuni,8
saturday,binarji .,8
11:15,11 il sena,8
09:45,tagħha .,8
cambridge,quddiem,8
3,3 persuni,8
4,4 persuni,8
7,7 persuni,8
sunday,tax xemx,8
sunday,tax xemx,8
5,5 persuni,8
4,4 persuni,8
cambridge,piż,8
5,5 persuni,8
7,7 persuni,8
8,8 persuni,8
4,4 persuni,8
4,4 persuni,8
2,2 tickets,8
7,7 persuni,8
5,5 persuni,8
cambridge,l iskeda,8
8,8 persuni,8
8,8 persuni,8
saturday,ġugarelli,8
6,6 persuni,8
7,7 persuni,8
6,6 persuni,8
cambridge,pontijiet,8
4,4 persuni,8
cambridge,piż,8
8,8 persuni,8
stevenage,issaħħaħ,8
leicester,silġ,8
7,7 persuni,8
three,tlieta jekk,8
6,6 persuni,8
norwich,ma jista',8
3,3 persuni,8
3,3 persuni,8
cambridge,jaqsmu l,8
cambridge,fuq il,8
2,2 persuni,8
6,6 persuni,8
3,3 persuni,8
8,8 persuni,8
cambridge,8 persuni,8
3,3 persuni,8
6,6 persuni,8
3,3 persuni,8
5,5 persuni,8
08:00,żgħażagħ,8
4,4 persuni,8
3,3 persuni,8
thursday,leave on,8
14:00,thursday,8
thursday,imla l,8
sunday,tax xemx,8
3,3 persuni,8
cambridge,tal għadma,8
monday,traffiku,8
4,4 persuni,8
6,6 persuni,8
8,8 persuni,8
7,7 persuni,8
cambridge,ġilda,8
leicester,piż,8
cambridge,il baħar,8
4,4 persuni,8
cambridge,Fwied,8
sunday,tax xemx,8
5,5 persuni,8
6,6 persuni,8
2,2 persuni,8
4,4 persuni,8
2,2 persuni,8
13:00,Ġermaniż,8
5,5 persuni,8
8,8 persuni,8
no preference,l ebda preferenza,8
7,7 tickets,8
12:15,12 il sena,8
7,7 persuni,8
cambridge,7 persuni,8
saturday,ġnien,8
cambridge,aħjar,8
cambridge,għads,8
8,8 persuni,8
7,7 persuni,8
wednesday,kliewi,8
8,8 persuni,8
cambridge,lin nies,8
7,nsemmi n,8
8,8 persuni,8
5,5 persuni,8
7,7 persuni,8
6,6 persuni,8
4,4 persuni,8
09:50,ekwipaġġ,8
8,8 persuni,8
6,6 persuni,8
6,6 persuni,8
2,2 tickets,8
21:30,2 tickets,8
20:00,8 people,8
8,8 persuni,8
2,3 people,8
9,9 persuni,8
8,8 persuni,8
7,7 persuni,8
cheap,baxxi ta',8
4,4 persuni,8
one,4 persuni,8
8,8 persuni,8
3,3 persuni,8
4,4 persuni,8
5,5 persuni,8
2,2 persuni,8
6,6 persuni,8
2,2 persuni,8
4,4 persuni,8
8,8 persuni,8
2,2 tickets,8
7,7 persuni,8
6,6 persuni,8
4,4 persuni,8
7,7 persuni,8
2,2 persuni,8
8,8 persuni,8
4,4 persuni,8
moderate,żmien moderat .,8
3,3 persuni,8
4,4 persuni,8
8,8 persuni,8
7,7 persuni,8
cheap,baxxa tal,8
5,5 persuni,8
2,2 persuni,8
7,7 persuni,8
8,8 persuni,8
cambridge,lin nies,8
7,nsemmi n,8
centre,divertiment,8
college,kulleġġ fil,8
whipple,bastiment,8
west,western part,8
college,kulleġġ biex,8
west,punent tal,8
cinema,ċ ċinema jkun,8
center,ħaġa oħra,8
cambridge,twissija,8
museum,centre of,8
nightclub,l lejl,8
no preference,preferenza li,8
east,centre id,8
nightclub,bil lejl ?,8
college,kulleġġ jekk,8
centre,"fiċ ċentru ,",8
west,punent ta',8
college,tal kulleġġ,8
same area,bħala l,8
nightclub,bil lejl,8
adc theatre,avukat,8
architecture,arkitettura bis,8
east,Lvant jekk,8
college,kulleġġ fil,8
college,kulleġġ fil,8
nightclub,lejl,8
museum,f'Ġerusalemm,8
nightclub,l ħbieb,8
museum,park jekk,8
museum,centre of,8
museum,kuċċarina,8
centre,fiċ ċentru u,8
west,punent tal,8
theatre,claime in,8
college,kulleġġ fil,8
primavera,Ġużepp,8
architecture,arkitettura ta',8
west,punent tal,8
west,punent tal,8
18:00,ajruport,8
whipple,bastiment,8
cinema,ċ ċinema jkun,8
cheap,baxxa ta',8
chinese,ikla tal,8
college,kulleġġ jekk,8
adc theatre,avukat,8
hotel,lukanda,7
3,3 stilli,7
hotel,vawċer fl,7
hotel,kworum fl,7
1,1 lejl ?,7
3,3 stilli,7
three,tliet tip,7
avalon,lejl tal,7
centre,ċentru jkun,7
moderate,prezz moderat,7
3,3 nights,7
2,2 f'post,7
same day,nies,7
expensive,expensive though,7
hotel,lukanda,7
4,4 stilli,7
hotel,li huma,7
expensive,spiża,7
4,4 stilli,7
huntingdon marriott,huntingdon marriott please,7
2,2 stilli,7
3,lukanda,7
5,5 nights,7
one,wieħed u,7
hotel,lukanda,7
hotel,xi ħaġa,7
saturday,lejl ta',7
4,4 stilli,7
4,4 stilli,7
4,4 stilli,7
4,4 stilla,7
moderate,a room,7
thursday,tliet,7
4,4 stilel,7
cheap,rħis hekk,7
5,imħabba,7
4,4 stilli,7
2,2 stilla,7
5,5 nights,7
east,lvant tal,7
one,one person,7
centre,iċ Ċentru se,7
dont care,lamtu tal,7
4,4 minnna,7
4,4 stills,7
0,0 stilla,7
moderate,medda moderata,7
4,4 stilel,7
one,wieħed .,7
cheap,irħas li,7
indian,ikel ġdid,7
3,3 jista',7
east,prezz tal,7
moderate,Lvant,7
turkish,ħaġa li,7
italian,tat trabi,7
european,ipproċessar,7
16:30,xi ħaġa,7
moderate,nies,7
north,għaġina,7
indian,l mediċina,7
indian,ikel ġdid,7
17:30,tiegħek,7
italian,għall ikel,7
indian,ikel ġdid,7
jamaican,for a,7
east,jamaican,7
golden wok,wok,7
modern european,modern għal,7
italian,ikel ġdid,7
italian,ikel ġdid,7
south,Nofsinhar,7
two,two people,7
cheap,irħis .,7
moderate,prezz moderat,7
indian,ikel ġdid,7
expensive,spiża,7
indian,l mediċina,7
moderate,tuesday,7
indian,ikel ħażin,7
centre,Ġugarelli,7
south,Nofsinhar,7
italian,tat trabi,7
saturday,laħam .,7
centre,xi ħaġa,7
italian,l ikel,7
indian,ikel ġdid,7
11:00,kulħadd,7
3,3 jista',7
cambridge,baħar,7
italian,l ikel,7
hotel,lukanda,7
huntingdon marriott,huntingdon marriott please,7
4,4 stilla,7
dont care,lamtu tal,7
2,xi ħaġa,7
pizza hut,ġimgħa l,7
6:00,f'6 snin,7
12:45,il sena,7
hotel,Settembru,7
tuesday,.,7
saturday,fuq il,7
cambridge,Baltiku,7
tuesday,ajru,7
wednesday,Ċeka,7
one,wieħed u,7
one,one ticket,7
saturday,fuq il,7
thursday,ely,7
sunday,oriġini,7
saturday,fuq il,7
sunday,isponsers,7
tuesday,it tubi,7
12:30,bl ajru,7
leicester,tuesday,7
saturday,Ħodor,7
cambridge,baħar,7
cambridge,baħar,7
8,8 people,7
18:00,oriġini,7
monday,il ħofra,7
saturday,fuq il,7
broxbourne,broxbourne please,7
saturday,fuq il,7
11:45,pontaġġ,7
saturday,fuq il,7
4,4 people,7
3,3 people,7
one,it tubi,7
16:00,l Kbira,7
monday,ta' ħin,7
one,"waħda ,",7
norwich,anqas iċ,7
cambridge,ċomb,7
tuesday,ħwienet,7
ely,sena t .,7
4,4 people,7
saturday,fuq il,7
saturday,fuq il,7
1,1 person,7
3,3 minnna,7
monday,biċċiet,7
stevenage,stevenage depart,7
tuesday,it tubu,7
14:00,kulħadd,7
saturday,Ħodor,7
cambridge,baħar,7
leicester,ħmieġ tas,7
thursday,silġ,7
cambridge,baħar,7
11 pm,11 Persuni,7
one,għarqub,7
cambridge,baħar,7
tuesday,it tubi,7
cambridge,l ebda,7
one,one ticket,7
sunday,oriġini,7
5,5 people,7
15:00,biċċiet,7
tuesday,it tubu,7
one,xi ħadd,7
saturday,fuq il,7
cambridge,baħar,7
cambridge,baħar,7
cambridge,thursday,7
9:15,oriġini,7
one,wieħed u,7
expensive,chinese,7
8,8 people,7
4,4 people,7
3,3 people,7
1,1 person,7
one,one ticket,7
5,5 people,7
saturday,fuq il,7
tenpin,tenpin tista',7
museum,xi ħaġa,7
museum,ħaġa li,7
college,ħaġa li,7
east,Lvant ta',7
east,Lvant ta',7
museum,ikollu n,7
kettles yard,kettles yard x'inhu,7
theatre,Ġeorġja,7
museum,xi ħaġa,7
college,kulleġġ li,7
center,fil belt,7
college,kulleġġ fl,7
center,fil belt,7
park,il park fil,7
cinema,ċinema waħda,7
nusha,nusha tista',7
theatre,sustanza,7
east,Lvant tal,7
college,kulleġġ fl,7
college,dgħajjes,7
east,tal Lvant,7
architecture,fl arkitettura,7
museum,tal mużew,7
museum,ikollu n,7
kettles yard,kettles yard x'inhu,7
east,any that,7
gonville hotel,gonvillean,6
2,2 stars,6
hotel,il fuq,6
hotel,il fuq,6
sunday,xemx,6
three,three stars,6
avalon,Ħabs il,6
warkworth house,warkworth house hotel,6
moderate,moderate price,6
cheap,cheap place,6
one,one night,6
hotel,lejn il,6
moderate,moderate price,6
cheap,cheap price,6
cheap,baxx .,6
4,4 lamti,6
monday,tlieta,6
cheap,cheap place,6
3,3 stars,6
moderate,moderate price,6
expensive,expensive range,6
ashley hotel,ashleyan,6
center,klassi,6
moderate,moderate price,6
gonville,gonville sema',6
3,3 ijiem,6
monday,imħabba,6
dont care,dont care about,6
hotel,lejn il,6
acorn,ġenb u,6
expensive,expensive range,6
centre,fiċ ċentru,6
cheap,cheap place,6
4,4 stars,6
centre,fiċ ċentru,6
dont care,dont care about,6
3,3 stars,6
moderate,moderate price,6
cheap,cheap place,6
nirala,.,6
centre,ċentru tal,6
centre,ċentru tal,6
15:30,taħżen,6
9:30,taħżen,6
centre,ċentru tal,6
gastropub,tieħu gastropub,6
centre,expensive,6
centre,ċentru tal,6
italian,din il,6
chinese,chinese f'dak,6
centre,ċentru tal,6
african,l ikel,6
expensive,expensive price,6
centre,ċentru tal,6
cheap,cheap range,6
romanian,Għandek,6
12:30,tisma',6
centre,ċentru tal,6
centre,ċentru tal,6
centre,expensive,6
cheap,cheap price,6
19:30,8 jekk,6
19:00,għal 2,6
11:30,Ġimgħa,6
centre,fiċ ċentru,6
sunday,xemx .,6
centre,ċentru tal,6
centre,fiċ ċentru,6
moderate,moderate range,6
centre,ċentru jekk,6
centre,ċentru tal,6
indian,wieħed,6
indian,6,6
centre,fiċ ċentru,6
british,għali,6
indian,l ikel,6
moderate,moderate range,6
expensive,expensive price,6
centre,ċentru jekk,6
international,internazzjonali .,6
14:45,miljun,6
centre,fiċ ċentru,6
expensive,expensive place,6
centre,waħda,6
moderate,moderate price,6
centre,expensive,6
centre,expensive,6
meghna,fuq,6
six,sitta li,6
british,spiża,6
centre,fiċ ċentru,6
indian,xi ħaġa,6
2,2 għall,6
centre,fiċ ċentru,6
centre,fiċ ċentru,6
east,canapes,6
12:30,taħżen,6
centre,taċ ċentru,6
13:00,fuq il,6
cotto,6 snin,6
cheap,cheap range,6
centre,taċ ċentru,6
allenbell,4 ġeneri,6
expensive,expensive price,6
3,3 ijiem,6
17:00,qarrej,6
acorn,ġenb u,6
19:30,Ġimgħa,6
10:15,KE Nru,6
11:30,Ġimgħa,6
12:30,Ġimgħa,6
17:30,każinò,6
13:00,twelid,6
el shaddai,to elatyaddai,6
17:30,twelid,6
7:15,f'7 ta',6
20:00,Ġimgħa,6
7,twelid,6
monday,fuq il,6
21:30,Ġimgħa,6
monday,annimali,6
monday,fuq il,6
any,tuesday,6
sunday,Tluq,6
friday,train to,6
sunday,xemx i,6
saturday,ajru,6
21:30,Ġimgħa,6
tuesday,baħar,6
19:30,twelid,6
monday,il ħin,6
18:00,Ġimgħa,6
wednesday,leicester,6
18:30,Ġimgħa,6
14:00,twelid,6
17:00,Ġimgħa,6
13:00,Ġimgħa,6
monday,imħabba,6
17:30,Ġimgħa,6
monday,Marzu,6
17:00,twelid,6
saturday,baħar,6
norwich,u nies,6
8,8 seats,6
monday,tojlits,6
14:30,Ġimgħa,6
monday,ikel,6
15:30,Ġimgħa,6
19:00,r rota,6
tuesday,trasport,6
15:30,Ġimgħa,6
19:45,kliewi,6
12:00,kliewi,6
tuesday,biċċa,6
12:30,Ġimgħa,6
17:30,Ġimgħa,6
20:15,b'hekk,6
19:30,twelid,6
14:00,Ġimgħa,6
1,Ġimgħa,6
corsica,sservi l,6
17:45,i dont,6
21:30,Ġimgħa,6
moderate,moderate price,6
06:40,sena .,6
one,11: 00,6
dont care,dont care about,6
dont care,dont care which,6
centre,ċentru tal,6
cinema,ċinema wara,6
museum,ħaġa,6
centre,taċ ċentru,6
cinema,ċinema jekk,6
any,xi ħaġa,6
museum,. . .,6
centre,ċentru tal,6
museum,ħaġa,6
centre,ċentru tal,6
centre,fiċ ċentru,6
centre,fiċ ċentru,6
centre,ċentru tal,6
tenpin,tenpin kienu,6
centre,taċ ċentru,6
centre,ċentru jekk,6
college,Punent,6
centre,fiċ ċentru,6
museum,Ġerusalemm,6
centre,ċentru tal,6
centre,taċ ċentru,6
centre,ċentru tal,6
museum,Ġerusalemm,6
museum,ħaġa,6
museum,ħaġa,6
centre,ċentru tal,6
centre,ċentru tal,6
centre,fiċ ċentru,6
architecture,arkitettura i,6
centre,fiċ ċentru,6
museum,ċentru,6
museum,Ġerusalemm,6
museum,ħaġa,6
dont care,dont care which,6
dont care,i dont care and,6
east,has free,6
architecture,arkitettura i,6
centre,.,6
moderate,moderata tal,5
cheap,baxx,5
north,centre,5
2,2 days,5
avalon,Ħabs,5
dont care,dont care jekk,5
hotel,3,5
moderate,moderata tal,5
moderate,moderata tal,5
moderate,moderata ta',5
hotel,kuntent,5
hotel,4,5
3,3 lejl,5
4,4 star,5
centre,centre area,5
3,3 star,5
cheap,baxx,5
hotel,irħis,5
center,bliet,5
4,4 star,5
moderate,moderata tal,5
east,Lvant u,5
lensfield hotel,il lensfield hotel .,5
8,8 jekk,5
cheap,baxxa,5
moderate,moderat ikun,5
three,three star,5
center,qarrej,5
east,east area,5
moderate,moderata tal,5
cheap,baxx,5
does not matter,does not matter just,5
hotel,vakum,5
tuesday,tuesday jekk,5
east,Lvant u,5
two,two days,5
hotel,vawċer,5
3,3 star,5
centre,centre that,5
cheap,żejda,5
dont care,dont care what,5
chinese,chinese food,5
chinese,ikel chinese,5
cheap,for a,5
11:15,paġna,5
moderate,moderata jekk,5
moderate,moderata tal,5
south,. . .,5
14:30,Ġesù,5
indian,ħabitat,5
eraina,eraina jekk,5
gastropub,gastropub food,5
chinese,chinese waqt,5
tuesday,tubi u,5
chinese,ikel chinese,5
moderate,moderata fil,5
moderate,moderata tal,5
tuesday,tubi .,5
chinese,chinese jekk,5
bedouin,bedouin jekk,5
west,Ħodor,5
no particular,no particular part,5
nandos,nandos inti,5
international,international food,5
4,4 jekk,5
20:00,kafè,5
5,5 jekk,5
cheap,for a,5
centre,cheap,5
italian,ikel tal,5
dont care,dont care what,5
moderate,moderata tal,5
eraina,eraina jekk,5
center,qarrej,5
02:15,f'02 .,5
21:30,Ħadd,5
21:30,.,5
16:30,ġdid,5
10:00,.,5
fun house,fun house għas,5
01:15,Marzu,5
12:00,.,5
9:45,9 snin,5
17:45,sena,5
07:15,07 sena,5
14:30,.,5
20:00,kafè,5
avalon,ħabs,5
05:30,.,5
nandos,taxi,5
20:00,Ħadd,5
17:45,.,5
24:00,u i,5
13:15,kbira,5
19:45,19talon,5
15:15,ġnien,5
any,any time,5
leicester,dwiefer,5
18:00,ħofra,5
09:50,ely,5
4,4 jekk,5
16:00,u t,5
18:45,00,5
1030,ħofra,5
12:30,qbid,5
12:30,qabel,5
17:45,baħar,5
10:15,dont,5
10:45,i se,5
friday,friday jekk,5
18:00,.,5
12:30,ħlas,5
1,1 jekk,5
17:00,ġodda,5
ely,Ħodor,5
tuesday,tubi u,5
tuesday,tubi li,5
16:45,ġodda,5
21:15,21 sena,5
19:00,Ħadd,5
14:30,.,5
12:30,qtugħ,5
06:40,.,5
1,ġnien,5
12:00,xemx,5
12:15,pont,5
monday,Ħaġa,5
15:15,sena,5
15:30,Ħadd,5
4,11 il,5
10:00,Ħadd,5
12:00,pont,5
14:45,sena,5
20:15,toroq,5
three,foqra,5
monday,wied,5
12:45,nies,5
14:45,wkoll,5
ely,sena .,5
thursday,tiġrifa,5
12:30,tluq,5
10:00,pont,5
13:30,"iva ,",5
13:30,ikel,5
15:16,sena,5
19:45,tubi,5
17:00,ġewwa,5
7,7 jekk,5
9:30,Fwied,5
19:45,19talon,5
friday,friday jekk,5
16:00,Kbira,5
east,ċentru,5
centre,centre area,5
centre,centre what,5
centre,ċentru li,5
park,park jekk,5
cinema,ċinema fil,5
entertainment,divertiment,5
north,north side,5
dont care,dont care what,5
center,ċentru u,5
museum,east,5
centre,centre area,5
east,east side,5
kettles yard,kettles yard jekk,5
park,south,5
any,any that,5
museum,four,5
dont care,dont care what,5
centre,centre area,5
east,east area,5
any,any that,5
cheap,cheap and,4
hotel,hotel and,4
acorn guest house,acorn mars house,4
moderate,moderata ta,4
moderate,moderata bi,4
cheap,cheap est,4
0,0 fiċ,4
tuesday,tuesday get,4
kirkwood house,kirkwood house can,4
west,Punent,4
alphamilton guest house,alphamilton mars house,4
acorn guest house,acorn mars house,4
four,care,4
alphamilton guest house,alphamilton mars house,4
alphamilton guest house,alphamilton mars house,4
el shaddai,el deepaddai,4
monday,dont,4
east,5 and,4
irish,ieħor,4
17:15,17 ta',4
italian,taħżen,4
1900,Ġuħ,4
italian,taħżen,4
west,paċi,4
west,Punent,4
a half hour earlier or later,a half hour earlier or later and,4
nirala,nota,4
west,punent,4
international,internazzjonali,4
eritrean,tal eritrean,4
west,Punent,4
moderate,moderata bi,4
west,4 u,4
west,Punent,4
west,Punent,4
tuesday,tuesday get,4
four,care,4
hotel,hotel and,4
17:15,17 ta',4
nusha,min nusha,4
15:45,15 ta',4
11:15,11 ta',4
3:00,"3 , 500",4
8:15,sa,4
8:15,lejl,4
same group of people,same group of people may,4
8:45,8 ta',4
4,4 can,4
08:15,08 ta',4
wednesday,wednesday can,4
broxbourne,broxbourne can,4
monday,konvoj,4
9:15,9 ta',4
cambridge,cambridge and,4
13:45,13 ta',4
cambridge,ta' cambridge,4
monday,konvoj,4
1,pont,4
monday,konvoj,4
13:45,13 ta',4
noon,.,4
monday,konvoj,4
same group of people,same group of people may,4
4,4 can,4
moderate,moderata bi,4
west,Punent,4
college,college may,4
centre,ċentru u,4
college,kulleġġ,4
center,belt,4
college,kulleġġ,4
1:00,.,4
west,Punent,4
park,park fit,4
west,punent,4
centre,centre can,4
nusha,nusha can,4
centre,ċentru u,4
cambridge artworks,cambridge artworks can,4
college,kulleġġ,4
west,Punent,4
west,punent,4
west,Punent,4
museum,Punent,4
saint catherines college,saint catherines college and,4
west,Punent,4
museum,Punent,4
architecture,arkitettura,4
queens college,queens college can,4
college,kulleġġ,4
college,college may,4
nusha,nusha can,4
saint catherines college,saint catherines college and,4
east,Lvant,3
4,4 li,3
moderate,moderat bi,3
east,Lvant,3
east,Lvant,3
same area,same area as,3
centre,centre of,3
same area,same area as,3
north,north as,3
moderate,moderate ly,3
moderate,moderate ly,3
moderate,moderate ly,3
center,center of,3
moderate,moderate ly,3
moderate,moderat bi,3
17:15,17,3
east,Lvant,3
moderate,moderate ly,3
cheap,cheap er,3
chinese,chinese fl,3
spanish,spana,3
centre,centre of,3
east,Lvant,3
chinese,chinese if,3
east,Lvant,3
moderate,moderat bi,3
west,te,3
07:15,07 .,3
16:45,16 il,3
09:15,09: 00,3
13:45,13 il,3
12:45,12 il,3
12:45,12 il,3
sunday,sunday as,3
tuesday,it tuesday,3
tuesday,it tuesday,3
09:45,09 .,3
tuesday,it tuesday,3
11:15,11: 00,3
18:45,18 il,3
11:45,11 il,3
11:15,11: 00,3
centre,centre of,3
nusha,nusha as,3
centre,centre of,3
east,Lvant,3
centre,centre of,3
centre,centre of,3
centre,centre id,3
park,park to,3
not particular,not particular on,3
south,south of,3
east,east of,3
college,college in,3
centre,centre of,3
center,center of,3
east,Lvant,3
centre,centre of,3
centre,centre of,3
east,Lvant,3
centre,centre of,3
centre,centre of,3
college,college to,3
college,college in,3
centre,centre of,3
center,ċentru,3
centre,centre of,3
east,Lvant,3
east,Lvant,3
nusha,nusha as,3
centre,centre id,3
not particular,not particular on,3
east,east i,2
dont really care,dont really care i,2
centre,ċentru,2
centre,ċentru,2
chinese,chinese u,2
centre,ċentru,2
centre,ċentru,2
chinese,chinese u,2
chinese,chinese ?,2
centre,ċentru,2
centre,ċentru,2
east,post,2
centre,ċentru,2
centre,ċentru,2
centre,ċentru,2
chinese,chinese i,2
lebanese,lebanese ?,2
same group of people,same group of people i,2
same group of people,same group of people i,2
moderate,moderat u,2
centre,ċentru,2
boat,boat s,2
not really,not really i,2
centre,ċentru,2
college,college s,2
centre,ċentru,2
college,college s,2
centre,ċentru,2
college,college s,2
centre,ċentru,2
centre,ċentru,2
nusha,n nusha,2
park,park s,2
centre,ċentru,2
centre,ċentru,2
3,2,1
1,2,1
moderate,moderata,1
moderate,moderat,1
cinema,ċinema,1
0,0,0
expensive,expensive,0
friday,friday,0
wednesday,wednesday,0
warkworth house,warkworth house,0
huntingdon marriott hotel,huntingdon marriott hotel,0
expensive,expensive,0
cheap,cheap,0
2,2,0
archway house,archway house,0
east,east,0
1,1,0
friday,friday,0
3,3,0
north,north,0
warkworth house,warkworth house,0
warkworth house,warkworth house,0
friday,friday,0
warkworth house,warkworth house,0
el shaddai,el shaddai,0
gonville,gonville,0
expensive,expensive,0
2,2,0
la raza,la raza,0
gastropub,gastropub,0
four,four,0
4,4,0
shiraz,shiraz,0
chinese,chinese,0
3,3,0
expensive,expensive,0
chinese,chinese,0
expensive,expensive,0
expensive,expensive,0
thursday,thursday,0
ian hong house,ian hong house,0
lan hong house,lan hong house,0
chinese,chinese,0
eraina,eraina,0
4,4,0
chinese,chinese,0
chinese,chinese,0
7,7,0
cocum,cocum,0
chinese,chinese,0
chinese,chinese,0
chinese,chinese,0
el shaddai,el shaddai,0
the missing sock,the missing sock,0
leicester train station,leicester train station,0
la raza,la raza,0
ballare,ballare,0
riverboat georgina,riverboat georgina,0
gonville hotel,gonville hotel,0
kirkwood house,kirkwood house,0
meghna,meghna,0
gandhi,gandhi,0
cambridge,cambridge,0
tuesday,tuesday,0
friday,friday,0
ely,ely,0
cambridge,cambridge,0
1,1,0
2,2,0
thursday,thursday,0
thursday,thursday,0
cambridge,cambridge,0
ely,ely,0
cambridge,cambridge,0
broxbourne,broxbourne,0
ely,ely,0
leicester,leicester,0
tuesday,tuesday,0
birmingham new street,birmingham new street,0
friday,friday,0
cambridge,cambridge,0
cambridge,cambridge,0
cambridge,cambridge,0
sunday,sunday,0
friday,friday,0
friday,friday,0
friday,friday,0
friday,friday,0
ely,ely,0
wednesday,wednesday,0
sunday,sunday,0
10 am,10 am,0
sunday,sunday,0
friday,friday,0
friday,friday,0
sunday,sunday,0
stevenage,stevenage,0
cambridge,cambridge,0
friday,friday,0
leicester,leicester,0
thursday,thursday,0
1,1,0
wednesday,wednesday,0
tuesday,tuesday,0
stevenage,stevenage,0
tuesday,tuesday,0
2,2,0
ely,ely,0
friday,friday,0
thursday,thursday,0
thursday,thursday,0
cambridge,cambridge,0
cambridge,cambridge,0
thursday,thursday,0
ely,ely,0
cambridge,cambridge,0
friday,friday,0
friday,friday,0
thursday,thursday,0
2,2,0
thursday,thursday,0
ballare,ballare,0
concerthall,concerthall,0
pembroke college,pembroke college,0
east,east,0
emmanuel college,emmanuel college,0
downing college,downing college,0
park,park,0
architecture,architecture,0
college,college,0
south,south,0
great saint marys church,great saint marys church,0
ballare,ballare,0
college,college,0
centre,centre,0
boat,boat,0
boat,boat,0
nusha,nusha,0
the man on the moon,the man on the moon,0
saint catherines college,saint catherines college,0
centre,centre,0
adc theatre,adc theatre,0
architecture,architecture,0
boat,boat,0
east,east,0
park,park,0
adc theatre,adc theatre,0
old school,old school,0
cambridge punter,cambridge punter,0
kambar,kambar,0
camboats,camboats,0
kettles yard,kettles yard,0
concerthall,concerthall,0
four,four,0
saint catherines college,saint catherines college,0
adc theatre,adc theatre,0
old school,old school,0
cambridge punter,cambridge punter,0
